Date time,Automatic Weather Station,Maximum Air Temperature Since Midnight(degree Celsius),Minimum Air Temperature Since Midnight(degree Celsius),Air Temperature(degree Celsius)
437549438,The Peak,17.1,11.4,14.25
437549438,The Peak,17.1,11.4,14.25
437557088,The Peak,17.1,11.4,14.25
437557088,The Peak,17.1,11.4,14.25
437557098,The Peak,14.5,14.4,14.45
437557098,The Peak,14.5,14.4,14.45
437557108,The Peak,14.5,14.3,14.4
437557108,The Peak,14.5,14.3,14.4
437557118,The Peak,14.5,14.2,14.35
437557118,The Peak,14.5,14.2,14.35
437557128,The Peak,14.5,14.2,14.35
437557128,The Peak,14.5,14.2,14.35
437557138,The Peak,14.6,14.2,14.399999999999999
437557138,The Peak,14.6,14.2,14.399999999999999
437557188,The Peak,14.6,14.2,14.399999999999999
437557188,The Peak,14.6,14.2,14.399999999999999
437557198,The Peak,14.6,14.2,14.399999999999999
437557198,The Peak,14.6,14.2,14.399999999999999
437557208,The Peak,14.6,14.2,14.399999999999999
437557208,The Peak,14.6,14.2,14.399999999999999
437557218,The Peak,14.6,14.2,14.399999999999999
437557218,The Peak,14.6,14.2,14.399999999999999
437557228,The Peak,14.6,14.2,14.399999999999999
437557228,The Peak,14.6,14.2,14.399999999999999
437557238,The Peak,14.6,14.2,14.399999999999999
437557238,The Peak,14.6,14.2,14.399999999999999
437557288,The Peak,14.6,14.2,14.399999999999999
437557288,The Peak,14.6,14.2,14.399999999999999
437557298,The Peak,14.6,14.2,14.399999999999999
437557298,The Peak,14.6,14.2,14.399999999999999
437557308,The Peak,14.6,14.2,14.399999999999999
437557308,The Peak,14.6,14.2,14.399999999999999
437557318,The Peak,14.6,14.2,14.399999999999999
437557318,The Peak,14.6,14.2,14.399999999999999
437557328,The Peak,14.6,14.2,14.399999999999999
437557328,The Peak,14.6,14.2,14.399999999999999
437557338,The Peak,14.6,14.2,14.399999999999999
437557338,The Peak,14.6,14.2,14.399999999999999
437557388,The Peak,14.6,14.2,14.399999999999999
437557388,The Peak,14.6,14.2,14.399999999999999
437557398,The Peak,14.6,14.2,14.399999999999999
437557398,The Peak,14.6,14.2,14.399999999999999
437557408,The Peak,14.6,14.2,14.399999999999999
437557408,The Peak,14.6,14.2,14.399999999999999
437557418,The Peak,14.6,14.2,14.399999999999999
437557418,The Peak,14.6,14.2,14.399999999999999
437557428,The Peak,14.6,14.2,14.399999999999999
437557428,The Peak,14.6,14.2,14.399999999999999
437557438,The Peak,14.6,14.2,14.399999999999999
437557438,The Peak,14.6,14.2,14.399999999999999
437557488,The Peak,14.6,14.2,14.399999999999999
437557488,The Peak,14.6,14.2,14.399999999999999
437557498,The Peak,14.6,14.1,14.35
437557498,The Peak,14.6,14.1,14.35
437557508,The Peak,14.6,14.1,14.35
437557508,The Peak,14.6,14.1,14.35
437557518,The Peak,14.6,14.1,14.35
437557518,The Peak,14.6,14.1,14.35
437557528,The Peak,14.6,14.1,14.35
437557528,The Peak,14.6,14.1,14.35
437557538,The Peak,14.6,14.1,14.35
437557538,The Peak,14.6,14.1,14.35
437557588,The Peak,14.6,14.1,14.35
437557588,The Peak,14.6,14.1,14.35
437557598,The Peak,14.6,14.1,14.35
437557598,The Peak,14.6,14.1,14.35
437557608,The Peak,14.6,14.1,14.35
437557608,The Peak,14.6,14.1,14.35
437557618,The Peak,14.6,14.1,14.35
437557618,The Peak,14.6,14.1,14.35
437557628,The Peak,14.6,14.1,14.35
437557628,The Peak,14.6,14.1,14.35
437557638,The Peak,14.6,14.1,14.35
437557638,The Peak,14.6,14.1,14.35
437557688,The Peak,14.7,14.1,14.399999999999999
437557688,The Peak,14.7,14.1,14.399999999999999
437557698,The Peak,14.7,14.1,14.399999999999999
437557698,The Peak,14.7,14.1,14.399999999999999
437557708,The Peak,14.7,14.1,14.399999999999999
437557708,The Peak,14.7,14.1,14.399999999999999
437557718,The Peak,14.7,14.1,14.399999999999999
437557718,The Peak,14.7,14.1,14.399999999999999
437557728,The Peak,14.7,14.1,14.399999999999999
437557728,The Peak,14.7,14.1,14.399999999999999
437557738,The Peak,14.7,14.1,14.399999999999999
437557738,The Peak,14.7,14.1,14.399999999999999
437557788,The Peak,14.7,14.1,14.399999999999999
437557788,The Peak,14.7,14.1,14.399999999999999
437557798,The Peak,14.7,14.1,14.399999999999999
437557798,The Peak,14.7,14.1,14.399999999999999
437557808,The Peak,14.7,14.1,14.399999999999999
437557808,The Peak,14.7,14.1,14.399999999999999
437557818,The Peak,14.7,14.1,14.399999999999999
437557818,The Peak,14.7,14.1,14.399999999999999
437557828,The Peak,14.7,14.1,14.399999999999999
437557828,The Peak,14.7,14.1,14.399999999999999
437557838,The Peak,14.7,14.1,14.399999999999999
437557838,The Peak,14.7,14.1,14.399999999999999
437557888,The Peak,14.7,14.1,14.399999999999999
437557888,The Peak,14.7,14.1,14.399999999999999
437557898,The Peak,14.7,14.1,14.399999999999999
437557898,The Peak,14.7,14.1,14.399999999999999
437557908,The Peak,14.7,14.1,14.399999999999999
437557908,The Peak,14.7,14.1,14.399999999999999
437557918,The Peak,14.7,14.1,14.399999999999999
437557918,The Peak,14.7,14.1,14.399999999999999
437557928,The Peak,14.8,14.1,14.45
437557928,The Peak,14.8,14.1,14.45
437557938,The Peak,14.8,14.1,14.45
437557938,The Peak,14.8,14.1,14.45
437557988,The Peak,14.9,14.1,14.5
437557988,The Peak,14.9,14.1,14.5
437557998,The Peak,15.2,14.1,14.649999999999999
437557998,The Peak,15.2,14.1,14.649999999999999
437558008,The Peak,15.4,14.1,14.75
437558008,The Peak,15.4,14.1,14.75
437558018,The Peak,15.9,14.1,15.0
437558018,The Peak,15.9,14.1,15.0
437558028,The Peak,16.5,14.1,15.3
437558028,The Peak,16.5,14.1,15.3
437558038,The Peak,16.6,14.1,15.350000000000001
437558038,The Peak,16.6,14.1,15.350000000000001
437558088,The Peak,17.0,14.1,15.55
437558088,The Peak,17.0,14.1,15.55
437558098,The Peak,17.2,14.1,15.649999999999999
437558098,The Peak,17.2,14.1,15.649999999999999
437558108,The Peak,17.2,14.1,15.649999999999999
437558108,The Peak,17.2,14.1,15.649999999999999
437558118,The Peak,17.3,14.1,15.7
437558118,The Peak,17.3,14.1,15.7
437558128,The Peak,17.5,14.1,15.8
437558128,The Peak,17.5,14.1,15.8
437558138,The Peak,17.5,14.1,15.8
437558138,The Peak,17.5,14.1,15.8
437558188,The Peak,17.5,14.1,15.8
437558188,The Peak,17.5,14.1,15.8
437558198,The Peak,17.5,14.1,15.8
437558198,The Peak,17.5,14.1,15.8
437558208,The Peak,18.0,14.1,16.05
437558208,The Peak,18.0,14.1,16.05
437558218,The Peak,18.1,14.1,16.1
437558218,The Peak,18.1,14.1,16.1
437558228,The Peak,18.1,14.1,16.1
437558228,The Peak,18.1,14.1,16.1
437558238,The Peak,18.1,14.1,16.1
437558238,The Peak,18.1,14.1,16.1
437558288,The Peak,18.1,14.1,16.1
437558288,The Peak,18.1,14.1,16.1
437558298,The Peak,18.1,14.1,16.1
437558298,The Peak,18.1,14.1,16.1
437558308,The Peak,18.1,14.1,16.1
437558308,The Peak,18.1,14.1,16.1
437558318,The Peak,18.1,14.1,16.1
437558318,The Peak,18.1,14.1,16.1
437558328,The Peak,18.1,14.1,16.1
437558328,The Peak,18.1,14.1,16.1
437558338,The Peak,18.2,14.1,16.15
437558338,The Peak,18.2,14.1,16.15
437558388,The Peak,18.3,14.1,16.2
437558388,The Peak,18.3,14.1,16.2
437558398,The Peak,18.6,14.1,16.35
437558398,The Peak,18.6,14.1,16.35
437558408,The Peak,18.6,14.1,16.35
437558408,The Peak,18.6,14.1,16.35
437558418,The Peak,18.6,14.1,16.35
437558418,The Peak,18.6,14.1,16.35
437558428,The Peak,18.6,14.1,16.35
437558428,The Peak,18.6,14.1,16.35
437558438,The Peak,18.7,14.1,16.4
437558438,The Peak,18.7,14.1,16.4
437558488,The Peak,18.7,14.1,16.4
437558488,The Peak,18.7,14.1,16.4
437558498,The Peak,18.8,14.1,16.45
437558498,The Peak,18.8,14.1,16.45
437558508,The Peak,18.8,14.1,16.45
437558508,The Peak,18.8,14.1,16.45
437558518,The Peak,19.3,14.1,16.7
437558518,The Peak,19.3,14.1,16.7
437558528,The Peak,19.3,14.1,16.7
437558528,The Peak,19.3,14.1,16.7
437558538,The Peak,19.3,14.1,16.7
437558538,The Peak,19.3,14.1,16.7
437558588,The Peak,19.3,14.1,16.7
437558588,The Peak,19.3,14.1,16.7
437558598,The Peak,19.3,14.1,16.7
437558598,The Peak,19.3,14.1,16.7
437558608,The Peak,19.3,14.1,16.7
437558608,The Peak,19.3,14.1,16.7
437558618,The Peak,19.3,14.1,16.7
437558618,The Peak,19.3,14.1,16.7
437558628,The Peak,19.3,14.1,16.7
437558628,The Peak,19.3,14.1,16.7
437558638,The Peak,19.3,14.1,16.7
437558638,The Peak,19.3,14.1,16.7
437558688,The Peak,19.3,14.1,16.7
437558688,The Peak,19.3,14.1,16.7
437558698,The Peak,19.3,14.1,16.7
437558698,The Peak,19.3,14.1,16.7
437558708,The Peak,19.3,14.1,16.7
437558708,The Peak,19.3,14.1,16.7
437558718,The Peak,19.3,14.1,16.7
437558718,The Peak,19.3,14.1,16.7
437558728,The Peak,19.3,14.1,16.7
437558728,The Peak,19.3,14.1,16.7
437558738,The Peak,19.3,14.1,16.7
437558738,The Peak,19.3,14.1,16.7
437558788,The Peak,19.3,14.1,16.7
437558788,The Peak,19.3,14.1,16.7
437558798,The Peak,19.3,14.1,16.7
437558798,The Peak,19.3,14.1,16.7
437558808,The Peak,19.3,14.1,16.7
437558808,The Peak,19.3,14.1,16.7
437558818,The Peak,19.3,14.1,16.7
437558818,The Peak,19.3,14.1,16.7
437558828,The Peak,19.3,14.1,16.7
437558828,The Peak,19.3,14.1,16.7
437558838,The Peak,19.3,14.1,16.7
437558838,The Peak,19.3,14.1,16.7
437558888,The Peak,19.3,14.1,16.7
437558888,The Peak,19.3,14.1,16.7
437558898,The Peak,19.3,14.1,16.7
437558898,The Peak,19.3,14.1,16.7
437558908,The Peak,19.3,14.1,16.7
437558908,The Peak,19.3,14.1,16.7
437558918,The Peak,19.3,14.1,16.7
437558918,The Peak,19.3,14.1,16.7
437558928,The Peak,19.3,14.1,16.7
437558928,The Peak,19.3,14.1,16.7
437558938,The Peak,19.3,14.1,16.7
437558938,The Peak,19.3,14.1,16.7
437558988,The Peak,19.3,14.1,16.7
437558988,The Peak,19.3,14.1,16.7
437558998,The Peak,19.3,14.1,16.7
437558998,The Peak,19.3,14.1,16.7
437559008,The Peak,19.3,14.1,16.7
437559008,The Peak,19.3,14.1,16.7
437559018,The Peak,19.3,14.1,16.7
437559018,The Peak,19.3,14.1,16.7
437559028,The Peak,19.3,14.1,16.7
437559028,The Peak,19.3,14.1,16.7
437559038,The Peak,19.3,14.1,16.7
437559038,The Peak,19.3,14.1,16.7
437559088,The Peak,19.3,14.1,16.7
437559088,The Peak,19.3,14.1,16.7
437559098,The Peak,19.3,14.1,16.7
437559098,The Peak,19.3,14.1,16.7
437559108,The Peak,19.3,14.1,16.7
437559108,The Peak,19.3,14.1,16.7
437559118,The Peak,19.3,14.1,16.7
437559118,The Peak,19.3,14.1,16.7
437559128,The Peak,19.3,14.1,16.7
437559128,The Peak,19.3,14.1,16.7
437559138,The Peak,19.3,14.1,16.7
437559138,The Peak,19.3,14.1,16.7
437559188,The Peak,19.3,14.1,16.7
437559188,The Peak,19.3,14.1,16.7
437559198,The Peak,19.3,14.1,16.7
437559198,The Peak,19.3,14.1,16.7
437559208,The Peak,19.3,14.1,16.7
437559208,The Peak,19.3,14.1,16.7
437559218,The Peak,19.3,14.1,16.7
437559218,The Peak,19.3,14.1,16.7
437559228,The Peak,19.3,14.1,16.7
437559228,The Peak,19.3,14.1,16.7
437559238,The Peak,19.3,14.1,16.7
437559238,The Peak,19.3,14.1,16.7
437559288,The Peak,19.3,14.1,16.7
437559288,The Peak,19.3,14.1,16.7
437559298,The Peak,19.3,14.1,16.7
437559298,The Peak,19.3,14.1,16.7
437559308,The Peak,19.3,14.1,16.7
437559308,The Peak,19.3,14.1,16.7
437559318,The Peak,19.3,14.1,16.7
437559318,The Peak,19.3,14.1,16.7
437559328,The Peak,19.3,14.1,16.7
437559328,The Peak,19.3,14.1,16.7
437559338,The Peak,19.3,14.1,16.7
437559338,The Peak,19.3,14.1,16.7
437559388,The Peak,19.3,14.1,16.7
437559388,The Peak,19.3,14.1,16.7
437559398,The Peak,19.3,14.1,16.7
437559398,The Peak,19.3,14.1,16.7
437559408,The Peak,19.3,14.1,16.7
437559408,The Peak,19.3,14.1,16.7
437559418,The Peak,19.3,14.1,16.7
437559418,The Peak,19.3,14.1,16.7
437559428,The Peak,19.3,14.1,16.7
437559428,The Peak,19.3,14.1,16.7
437559438,The Peak,19.3,14.1,16.7
437567088,The Peak,19.3,14.1,16.7
437567098,The Peak,14.3,14.3,14.3
437567108,The Peak,14.3,14.3,14.3
437567118,The Peak,14.3,14.2,14.25
437567128,The Peak,14.3,14.2,14.25
437567138,The Peak,14.3,14.2,14.25
437567188,The Peak,14.3,14.2,14.25
437567198,The Peak,14.3,14.2,14.25
437567208,The Peak,14.3,14.1,14.2
437567218,The Peak,14.3,14.0,14.15
437567228,The Peak,14.3,14.0,14.15
437567238,The Peak,14.3,14.0,14.15
437567288,The Peak,14.3,13.9,14.100000000000001
437567298,The Peak,14.3,13.9,14.100000000000001
437567308,The Peak,14.3,13.9,14.100000000000001
437567318,The Peak,14.3,13.9,14.100000000000001
437567328,The Peak,14.3,13.9,14.100000000000001
437567338,The Peak,14.3,13.8,14.05
437567388,The Peak,14.3,13.8,14.05
437567398,The Peak,14.3,13.7,14.0
437567408,The Peak,14.3,13.7,14.0
437567418,The Peak,14.3,13.6,13.95
437567428,The Peak,14.3,13.6,13.95
437567438,The Peak,14.3,13.4,13.850000000000001
437567488,The Peak,14.3,13.4,13.850000000000001
437567498,The Peak,14.3,13.3,13.8
437567508,The Peak,14.3,13.3,13.8
437567518,The Peak,14.3,13.3,13.8
437567528,The Peak,14.3,13.2,13.75
437567538,The Peak,14.3,13.1,13.7
437567588,The Peak,14.3,13.0,13.65
437567598,The Peak,14.3,13.0,13.65
437567608,The Peak,14.3,13.0,13.65
437567618,The Peak,14.3,13.0,13.65
437567628,The Peak,14.3,12.9,13.600000000000001
437567638,The Peak,14.3,12.8,13.55
437567688,The Peak,14.3,12.8,13.55
437567698,The Peak,14.3,12.8,13.55
437567708,The Peak,14.3,12.8,13.55
437567718,The Peak,14.3,12.8,13.55
437567728,The Peak,14.3,12.8,13.55
437567738,The Peak,14.3,12.8,13.55
437567788,The Peak,14.3,12.8,13.55
437567798,The Peak,14.3,12.8,13.55
437567808,The Peak,14.3,12.8,13.55
437567818,The Peak,14.3,12.8,13.55
437567828,The Peak,14.3,12.8,13.55
437567838,The Peak,14.3,12.8,13.55
437567888,The Peak,14.3,12.8,13.55
437567898,The Peak,14.3,12.8,13.55
437567908,The Peak,14.3,12.8,13.55
437567918,The Peak,14.3,12.8,13.55
437567928,The Peak,14.3,12.8,13.55
437567938,The Peak,14.3,12.8,13.55
437567988,The Peak,14.3,12.8,13.55
437567998,The Peak,14.3,12.8,13.55
437568008,The Peak,14.3,12.8,13.55
437568018,The Peak,14.3,12.8,13.55
437568028,The Peak,14.3,12.8,13.55
437568038,The Peak,14.3,12.8,13.55
437568088,The Peak,14.3,12.8,13.55
437568098,The Peak,14.3,12.8,13.55
437568108,The Peak,14.3,12.8,13.55
437568118,The Peak,14.3,12.8,13.55
437568128,The Peak,14.3,12.8,13.55
437568138,The Peak,14.4,12.8,13.600000000000001
437568188,The Peak,14.5,12.8,13.65
437568198,The Peak,14.7,12.8,13.75
437568208,The Peak,14.8,12.8,13.8
437568218,The Peak,14.9,12.8,13.850000000000001
437568228,The Peak,15.0,12.8,13.9
437568238,The Peak,15.4,12.8,14.100000000000001
437568288,The Peak,15.4,12.8,14.100000000000001
437568298,The Peak,15.6,12.8,14.2
437568308,The Peak,15.8,12.8,14.3
437568318,The Peak,15.8,12.8,14.3
437568328,The Peak,16.0,12.8,14.4
437568338,The Peak,16.2,12.8,14.5
437568388,The Peak,16.2,12.8,14.5
437568398,The Peak,16.2,12.8,14.5
437568408,The Peak,16.2,12.8,14.5
437568418,The Peak,16.4,12.8,14.6
437568428,The Peak,16.4,12.8,14.6
437568438,The Peak,16.4,12.8,14.6
437568488,The Peak,16.4,12.8,14.6
437568498,The Peak,16.4,12.8,14.6
437568508,The Peak,16.4,12.8,14.6
437568518,The Peak,16.4,12.8,14.6
437568528,The Peak,16.4,12.8,14.6
437568538,The Peak,16.4,12.8,14.6
437568588,The Peak,16.4,12.8,14.6
437568598,The Peak,16.4,12.8,14.6
437568608,The Peak,16.4,12.8,14.6
437568618,The Peak,16.4,12.8,14.6
437568628,The Peak,16.4,12.8,14.6
437568638,The Peak,16.4,12.8,14.6
437568688,The Peak,16.4,12.8,14.6
437568698,The Peak,16.4,12.8,14.6
437568708,The Peak,16.4,12.8,14.6
437568718,The Peak,16.4,12.8,14.6
437568728,The Peak,16.4,12.8,14.6
437568738,The Peak,16.4,12.8,14.6
437568788,The Peak,16.4,12.8,14.6
437568798,The Peak,16.4,12.8,14.6
437568808,The Peak,16.4,12.8,14.6
437568818,The Peak,16.4,12.8,14.6
437568828,The Peak,16.4,12.8,14.6
437568838,The Peak,16.4,12.8,14.6
437568888,The Peak,16.4,12.8,14.6
437568898,The Peak,16.4,12.8,14.6
437568908,The Peak,16.4,12.8,14.6
437568918,The Peak,16.4,12.8,14.6
437568928,The Peak,16.4,12.8,14.6
437568938,The Peak,16.4,12.8,14.6
437568988,The Peak,16.4,12.8,14.6
437568998,The Peak,16.4,12.8,14.6
437569008,The Peak,16.4,12.8,14.6
437569018,The Peak,16.4,12.8,14.6
437569028,The Peak,16.4,12.8,14.6
437569038,The Peak,16.4,12.8,14.6
437569088,The Peak,16.4,12.8,14.6
437569098,The Peak,16.4,12.8,14.6
437569108,The Peak,16.4,12.8,14.6
437569118,The Peak,16.4,12.8,14.6
437569128,The Peak,16.4,12.8,14.6
437569138,The Peak,16.4,12.8,14.6
437569188,The Peak,16.4,12.8,14.6
437569198,The Peak,16.4,12.8,14.6
437569208,The Peak,16.4,12.8,14.6
437569218,The Peak,16.4,12.8,14.6
437569228,The Peak,16.4,12.8,14.6
437569238,The Peak,16.4,12.8,14.6
437569288,The Peak,16.4,12.8,14.6
437569298,The Peak,16.4,12.8,14.6
437569308,The Peak,16.4,12.8,14.6
437569318,The Peak,16.4,12.8,14.6
437569328,The Peak,16.4,12.8,14.6
437569338,The Peak,16.4,12.8,14.6
437569388,The Peak,16.4,12.8,14.6
437569398,The Peak,16.4,12.8,14.6
437569408,The Peak,16.4,12.8,14.6
437569418,The Peak,16.4,12.8,14.6
437569438,The Peak,16.4,12.8,14.6
437577088,The Peak,16.4,12.8,14.6
437577098,The Peak,13.6,13.5,13.55
437577108,The Peak,13.6,13.5,13.55
437577118,The Peak,13.6,13.5,13.55
437577128,The Peak,13.6,13.5,13.55
437577138,The Peak,13.6,13.5,13.55
437577188,The Peak,13.6,13.4,13.5
437577198,The Peak,13.6,13.4,13.5
437577208,The Peak,13.6,13.4,13.5
437577218,The Peak,13.6,13.4,13.5
437577228,The Peak,13.6,13.4,13.5
437577238,The Peak,13.6,13.4,13.5
437577288,The Peak,13.6,13.4,13.5
437577298,The Peak,13.6,13.4,13.5
437577308,The Peak,13.6,13.4,13.5
437577318,The Peak,13.6,13.3,13.45
437577328,The Peak,13.6,13.2,13.399999999999999
437577338,The Peak,13.6,13.2,13.399999999999999
437577388,The Peak,13.6,13.1,13.35
437577398,The Peak,13.6,13.1,13.35
437577408,The Peak,13.6,13.1,13.35
437577418,The Peak,13.6,13.0,13.3
437577428,The Peak,13.6,12.8,13.2
437577438,The Peak,13.6,12.7,13.149999999999999
437577488,The Peak,13.6,12.7,13.149999999999999
437577498,The Peak,13.6,12.7,13.149999999999999
437577508,The Peak,13.6,12.7,13.149999999999999
437577518,The Peak,13.6,12.7,13.149999999999999
437577528,The Peak,13.6,12.7,13.149999999999999
437577538,The Peak,13.6,12.7,13.149999999999999
437577588,The Peak,13.6,12.7,13.149999999999999
437577598,The Peak,13.6,12.7,13.149999999999999
437577608,The Peak,13.6,12.7,13.149999999999999
437577618,The Peak,13.6,12.7,13.149999999999999
437577628,The Peak,13.6,12.6,13.1
437577638,The Peak,13.6,12.6,13.1
437577688,The Peak,13.6,12.5,13.05
437577698,The Peak,13.6,12.5,13.05
437577708,The Peak,13.6,12.5,13.05
437577718,The Peak,13.6,12.4,13.0
437577728,The Peak,13.6,12.4,13.0
437577738,The Peak,13.6,12.4,13.0
437577788,The Peak,13.6,12.4,13.0
437577798,The Peak,13.6,12.4,13.0
437577808,The Peak,13.6,12.4,13.0
437577818,The Peak,13.6,12.4,13.0
437577828,The Peak,13.6,12.4,13.0
437577838,The Peak,13.6,12.3,12.95
437577888,The Peak,13.6,12.3,12.95
437577898,The Peak,13.6,12.2,12.899999999999999
437577908,The Peak,13.6,12.1,12.85
437577918,The Peak,13.6,12.1,12.85
437577928,The Peak,13.6,12.1,12.85
437577938,The Peak,13.6,12.1,12.85
437577988,The Peak,13.6,12.1,12.85
437577998,The Peak,13.6,12.1,12.85
437578008,The Peak,13.6,12.1,12.85
437578018,The Peak,13.6,12.1,12.85
437578028,The Peak,13.6,12.1,12.85
437578038,The Peak,13.6,12.1,12.85
437578088,The Peak,13.6,12.1,12.85
437578098,The Peak,13.6,12.1,12.85
437578108,The Peak,13.6,12.1,12.85
437578118,The Peak,13.6,12.1,12.85
437578128,The Peak,13.7,12.1,12.899999999999999
437578138,The Peak,13.9,12.1,13.0
437578188,The Peak,14.0,12.1,13.05
437578198,The Peak,14.3,12.1,13.2
437578208,The Peak,14.9,12.1,13.5
437578218,The Peak,14.9,12.1,13.5
437578228,The Peak,15.1,12.1,13.6
437578238,The Peak,15.5,12.1,13.8
437578288,The Peak,15.8,12.1,13.95
437578298,The Peak,16.1,12.1,14.100000000000001
437578308,The Peak,16.1,12.1,14.100000000000001
437578318,The Peak,16.7,12.1,14.399999999999999
437578328,The Peak,16.9,12.1,14.5
437578338,The Peak,16.9,12.1,14.5
437578388,The Peak,17.2,12.1,14.649999999999999
437578398,The Peak,17.4,12.1,14.75
437578408,The Peak,17.4,12.1,14.75
437578418,The Peak,17.4,12.1,14.75
437578428,The Peak,17.5,12.1,14.8
437578438,The Peak,17.5,12.1,14.8
437578488,The Peak,17.5,12.1,14.8
437578498,The Peak,17.5,12.1,14.8
437578508,The Peak,17.5,12.1,14.8
437578518,The Peak,17.5,12.1,14.8
437578528,The Peak,17.5,12.1,14.8
437578538,The Peak,17.5,12.1,14.8
437578588,The Peak,17.5,12.1,14.8
437578598,The Peak,17.5,12.1,14.8
437578608,The Peak,17.5,12.1,14.8
437578618,The Peak,17.5,12.1,14.8
437578628,The Peak,17.5,12.1,14.8
437578638,The Peak,17.5,12.1,14.8
437578688,The Peak,17.5,12.1,14.8
437578698,The Peak,17.5,12.1,14.8
437578708,The Peak,17.5,12.1,14.8
437578718,The Peak,17.5,12.1,14.8
437578728,The Peak,17.5,12.1,14.8
437578738,The Peak,17.5,12.1,14.8
437578788,The Peak,17.5,12.1,14.8
437578798,The Peak,17.5,12.1,14.8
437578808,The Peak,17.5,12.1,14.8
437578818,The Peak,17.5,12.1,14.8
437578828,The Peak,17.5,12.1,14.8
437578838,The Peak,17.5,12.1,14.8
437578888,The Peak,17.5,12.1,14.8
437578898,The Peak,17.5,12.1,14.8
437578908,The Peak,17.5,12.1,14.8
437578918,The Peak,17.5,12.1,14.8
437578928,The Peak,17.5,12.1,14.8
437578938,The Peak,17.5,12.1,14.8
437578988,The Peak,17.5,12.1,14.8
437578998,The Peak,17.5,12.1,14.8
437579008,The Peak,17.5,12.1,14.8
437579018,The Peak,17.5,12.1,14.8
437579028,The Peak,17.5,12.1,14.8
437579038,The Peak,17.5,12.1,14.8
437579088,The Peak,17.5,12.1,14.8
437579098,The Peak,17.5,12.1,14.8
437579108,The Peak,17.5,12.1,14.8
437579118,The Peak,17.5,12.1,14.8
437579128,The Peak,17.5,12.1,14.8
437579138,The Peak,17.5,12.1,14.8
437579188,The Peak,17.5,12.1,14.8
437579198,The Peak,17.5,12.1,14.8
437579208,The Peak,17.5,12.1,14.8
437579218,The Peak,17.5,12.1,14.8
437579228,The Peak,17.5,12.1,14.8
437579238,The Peak,17.5,12.1,14.8
437579288,The Peak,17.5,12.1,14.8
437579298,The Peak,17.5,12.1,14.8
437579308,The Peak,17.5,12.1,14.8
437579318,The Peak,17.5,12.1,14.8
437579328,The Peak,17.5,12.1,14.8
437579338,The Peak,17.5,12.1,14.8
437579388,The Peak,17.5,12.1,14.8
437579398,The Peak,17.5,12.1,14.8
437579408,The Peak,17.5,12.1,14.8
437579418,The Peak,17.5,12.1,14.8
437579438,The Peak,17.5,12.1,14.8
437587088,The Peak,17.5,12.1,14.8
437587098,The Peak,13.6,13.6,13.6
437587108,The Peak,13.7,13.6,13.649999999999999
437587118,The Peak,13.7,13.6,13.649999999999999
437587128,The Peak,13.7,13.6,13.649999999999999
437587138,The Peak,13.7,13.6,13.649999999999999
437587188,The Peak,13.7,13.6,13.649999999999999
437587198,The Peak,13.7,13.6,13.649999999999999
437587208,The Peak,13.7,13.6,13.649999999999999
437587218,The Peak,13.7,13.5,13.6
437587228,The Peak,13.7,13.5,13.6
437587238,The Peak,13.7,13.5,13.6
437587288,The Peak,13.7,13.5,13.6
437587298,The Peak,13.7,13.5,13.6
437587308,The Peak,13.7,13.5,13.6
437587318,The Peak,13.7,13.5,13.6
437587328,The Peak,13.7,13.5,13.6
437587338,The Peak,13.7,13.5,13.6
437587388,The Peak,13.7,13.5,13.6
437587398,The Peak,13.7,13.5,13.6
437587408,The Peak,13.7,13.4,13.55
437587418,The Peak,13.7,13.4,13.55
437587428,The Peak,13.7,13.4,13.55
437587438,The Peak,13.7,13.4,13.55
437587488,The Peak,13.7,13.3,13.5
437587498,The Peak,13.7,13.3,13.5
437587508,The Peak,13.7,13.3,13.5
437587518,The Peak,13.7,13.3,13.5
437587528,The Peak,13.7,13.2,13.45
437587538,The Peak,13.7,13.2,13.45
437587588,The Peak,13.7,13.1,13.399999999999999
437587598,The Peak,13.7,13.1,13.399999999999999
437587608,The Peak,13.7,13.1,13.399999999999999
437587618,The Peak,13.7,13.1,13.399999999999999
437587628,The Peak,13.7,13.0,13.35
437587638,The Peak,13.7,13.0,13.35
437587688,The Peak,13.7,13.0,13.35
437587698,The Peak,13.7,13.0,13.35
437587708,The Peak,13.7,13.0,13.35
437587718,The Peak,13.7,13.0,13.35
437587728,The Peak,13.7,13.0,13.35
437587738,The Peak,13.7,13.0,13.35
437587788,The Peak,13.7,13.0,13.35
437587798,The Peak,13.7,13.0,13.35
437587808,The Peak,13.7,13.0,13.35
437587818,The Peak,13.7,13.0,13.35
437587828,The Peak,13.7,13.0,13.35
437587838,The Peak,13.7,13.0,13.35
437587888,The Peak,13.7,13.0,13.35
437587898,The Peak,13.8,13.0,13.4
437587908,The Peak,14.0,13.0,13.5
437587918,The Peak,14.1,13.0,13.55
437587928,The Peak,14.4,13.0,13.7
437587938,The Peak,14.4,13.0,13.7
437587988,The Peak,14.4,13.0,13.7
437587998,The Peak,14.6,13.0,13.8
437588008,The Peak,14.9,13.0,13.95
437588018,The Peak,15.3,13.0,14.15
437588028,The Peak,15.5,13.0,14.25
437588038,The Peak,16.4,13.0,14.7
437588088,The Peak,17.1,13.0,15.05
437588098,The Peak,17.1,13.0,15.05
437588108,The Peak,17.3,13.0,15.15
437588118,The Peak,17.4,13.0,15.2
437588128,The Peak,17.5,13.0,15.25
437588138,The Peak,17.9,13.0,15.45
437588188,The Peak,17.9,13.0,15.45
437588198,The Peak,17.9,13.0,15.45
437588208,The Peak,17.9,13.0,15.45
437588218,The Peak,17.9,13.0,15.45
437588228,The Peak,17.9,13.0,15.45
437588298,The Peak,19.1,13.0,16.05
437588428,The Peak,20.1,13.0,16.55
437588508,The Peak,20.1,13.0,16.55
437588518,The Peak,20.1,13.0,16.55
437588528,The Peak,20.1,13.0,16.55
437588538,The Peak,20.1,13.0,16.55
437588588,The Peak,20.1,13.0,16.55
437588618,The Peak,20.1,13.0,16.55
437588628,The Peak,20.1,13.0,16.55
437588638,The Peak,20.1,13.0,16.55
437588688,The Peak,20.1,13.0,16.55
437588698,The Peak,20.1,13.0,16.55
437588708,The Peak,20.1,13.0,16.55
437588718,The Peak,20.1,13.0,16.55
437588728,The Peak,20.1,13.0,16.55
437588738,The Peak,20.1,13.0,16.55
437588788,The Peak,20.1,13.0,16.55
437588798,The Peak,20.1,13.0,16.55
437588808,The Peak,20.1,13.0,16.55
437588818,The Peak,20.1,13.0,16.55
437588828,The Peak,20.1,13.0,16.55
437588838,The Peak,20.1,13.0,16.55
437588888,The Peak,20.1,13.0,16.55
437588898,The Peak,20.1,13.0,16.55
437588908,The Peak,20.1,13.0,16.55
437588918,The Peak,20.1,13.0,16.55
437588928,The Peak,20.1,13.0,16.55
437588938,The Peak,20.1,13.0,16.55
437588988,The Peak,20.1,13.0,16.55
437588998,The Peak,20.1,13.0,16.55
437589008,The Peak,20.1,13.0,16.55
437589018,The Peak,20.1,13.0,16.55
437589028,The Peak,20.1,13.0,16.55
437589038,The Peak,20.1,13.0,16.55
437589088,The Peak,20.1,13.0,16.55
437589098,The Peak,20.1,13.0,16.55
437589108,The Peak,20.1,13.0,16.55
437589118,The Peak,20.1,13.0,16.55
437589128,The Peak,20.1,13.0,16.55
437589138,The Peak,20.1,13.0,16.55
437589188,The Peak,20.1,13.0,16.55
437589198,The Peak,20.1,13.0,16.55
437589208,The Peak,20.1,13.0,16.55
437589218,The Peak,20.1,13.0,16.55
437589228,The Peak,20.1,13.0,16.55
437589238,The Peak,20.1,13.0,16.55
437589288,The Peak,20.1,13.0,16.55
437589298,The Peak,20.1,13.0,16.55
437589308,The Peak,20.1,13.0,16.55
437589318,The Peak,20.1,13.0,16.55
437589328,The Peak,20.1,13.0,16.55
437589338,The Peak,20.1,13.0,16.55
437589388,The Peak,20.1,13.0,16.55
437589398,The Peak,20.1,13.0,16.55
437589408,The Peak,20.1,13.0,16.55
437589418,The Peak,20.1,13.0,16.55
437589428,The Peak,20.1,13.0,16.55
437597088,The Peak,20.1,13.0,16.55
437597098,The Peak,14.2,14.1,14.149999999999999
437597108,The Peak,14.2,14.1,14.149999999999999
437597118,The Peak,14.2,14.1,14.149999999999999
437597128,The Peak,14.2,14.1,14.149999999999999
437597138,The Peak,14.2,14.1,14.149999999999999
437597188,The Peak,15.2,14.1,14.649999999999999
437597198,The Peak,15.4,14.1,14.75
437597208,The Peak,15.4,14.1,14.75
437597218,The Peak,15.5,14.1,14.8
437597228,The Peak,15.6,14.1,14.85
437597238,The Peak,15.6,14.1,14.85
437597288,The Peak,15.6,14.1,14.85
437597298,The Peak,15.6,14.1,14.85
437597308,The Peak,15.6,14.1,14.85
437597318,The Peak,15.6,14.1,14.85
437597328,The Peak,15.6,14.1,14.85
437597338,The Peak,15.6,14.1,14.85
437597388,The Peak,15.6,14.1,14.85
437597398,The Peak,15.6,14.1,14.85
437597408,The Peak,15.6,14.1,14.85
437597418,The Peak,15.6,14.1,14.85
437597428,The Peak,15.6,14.1,14.85
437597438,The Peak,15.6,14.1,14.85
437597488,The Peak,15.6,14.1,14.85
437597498,The Peak,15.6,14.1,14.85
437597508,The Peak,15.6,14.1,14.85
437597518,The Peak,15.6,14.1,14.85
437597528,The Peak,15.6,14.1,14.85
437597538,The Peak,15.6,14.1,14.85
437597588,The Peak,15.6,14.1,14.85
437597598,The Peak,15.6,14.1,14.85
437597608,The Peak,15.6,14.1,14.85
437597618,The Peak,15.6,14.1,14.85
437597628,The Peak,15.6,14.1,14.85
437597638,The Peak,15.6,14.1,14.85
437597688,The Peak,15.6,14.1,14.85
437597698,The Peak,15.6,14.1,14.85
437597708,The Peak,15.6,14.1,14.85
437597718,The Peak,15.6,14.1,14.85
437597728,The Peak,15.6,14.1,14.85
437597738,The Peak,15.6,14.1,14.85
437597788,The Peak,15.6,14.1,14.85
437597798,The Peak,15.6,14.1,14.85
437597808,The Peak,15.6,14.1,14.85
437597818,The Peak,15.6,14.1,14.85
437597828,The Peak,15.6,14.1,14.85
437597838,The Peak,15.6,14.1,14.85
437597888,The Peak,15.6,14.1,14.85
437597898,The Peak,15.6,14.1,14.85
437597908,The Peak,15.6,14.1,14.85
437597918,The Peak,15.7,14.1,14.899999999999999
437597928,The Peak,16.0,14.1,15.05
437597938,The Peak,16.3,14.1,15.2
437597988,The Peak,16.8,14.1,15.45
437597998,The Peak,17.3,14.1,15.7
437598008,The Peak,17.3,14.1,15.7
437598018,The Peak,17.4,14.1,15.75
437598028,The Peak,18.0,14.1,16.05
437598038,The Peak,18.0,14.1,16.05
437598088,The Peak,18.0,14.1,16.05
437598098,The Peak,18.0,14.1,16.05
437598108,The Peak,18.1,14.1,16.1
437598118,The Peak,18.4,14.1,16.25
437598128,The Peak,18.5,14.1,16.3
437598138,The Peak,18.5,14.1,16.3
437598188,The Peak,18.5,14.1,16.3
437598198,The Peak,18.5,14.1,16.3
437598208,The Peak,18.8,14.1,16.45
437598218,The Peak,18.9,14.1,16.5
437598228,The Peak,19.0,14.1,16.55
437598238,The Peak,19.0,14.1,16.55
437598288,The Peak,19.0,14.1,16.55
437598298,The Peak,19.3,14.1,16.7
437598308,The Peak,19.3,14.1,16.7
437598318,The Peak,19.3,14.1,16.7
437598328,The Peak,19.4,14.1,16.75
437598338,The Peak,19.9,14.1,17.0
437598388,The Peak,20.0,14.1,17.05
437598398,The Peak,20.2,14.1,17.15
437598408,The Peak,20.7,14.1,17.4
437598418,The Peak,20.7,14.1,17.4
437598428,The Peak,20.8,14.1,17.45
437598438,The Peak,21.2,14.1,17.65
437598488,The Peak,21.6,14.1,17.85
437598498,The Peak,21.6,14.1,17.85
437598508,The Peak,21.8,14.1,17.95
437598518,The Peak,21.8,14.1,17.95
437598528,The Peak,21.9,14.1,18.0
437598538,The Peak,21.9,14.1,18.0
437598588,The Peak,21.9,14.1,18.0
437598598,The Peak,21.9,14.1,18.0
437598608,The Peak,21.9,14.1,18.0
437598698,The Peak,21.9,14.1,18.0
437598708,The Peak,21.9,14.1,18.0
437598718,The Peak,21.9,14.1,18.0
437598728,The Peak,21.9,14.1,18.0
437598738,The Peak,21.9,14.1,18.0
437598788,The Peak,21.9,14.1,18.0
437598798,The Peak,21.9,14.1,18.0
437598808,The Peak,21.9,14.1,18.0
437598818,The Peak,21.9,14.1,18.0
437598828,The Peak,21.9,14.1,18.0
437598838,The Peak,21.9,14.1,18.0
437598888,The Peak,21.9,14.1,18.0
437598898,The Peak,21.9,14.1,18.0
437598908,The Peak,21.9,14.1,18.0
437598918,The Peak,21.9,14.1,18.0
437598928,The Peak,21.9,14.1,18.0
437598938,The Peak,21.9,14.1,18.0
437598988,The Peak,21.9,14.1,18.0
437598998,The Peak,21.9,14.1,18.0
437599008,The Peak,21.9,14.1,18.0
437599018,The Peak,21.9,14.1,18.0
437599028,The Peak,21.9,14.1,18.0
437599038,The Peak,21.9,14.1,18.0
437599088,The Peak,21.9,14.1,18.0
437599098,The Peak,21.9,14.1,18.0
437599108,The Peak,21.9,14.1,18.0
437599118,The Peak,21.9,14.1,18.0
437599128,The Peak,21.9,14.1,18.0
437599138,The Peak,21.9,14.1,18.0
437599188,The Peak,21.9,14.1,18.0
437599198,The Peak,21.9,14.1,18.0
437599208,The Peak,21.9,14.1,18.0
437599218,The Peak,21.9,14.1,18.0
437599228,The Peak,21.9,14.1,18.0
437599238,The Peak,21.9,14.1,18.0
437599288,The Peak,21.9,14.1,18.0
437599298,The Peak,21.9,14.1,18.0
437599308,The Peak,21.9,14.1,18.0
437599318,The Peak,21.9,14.1,18.0
437599328,The Peak,21.9,14.1,18.0
437599338,The Peak,21.9,14.1,18.0
437599388,The Peak,21.9,14.1,18.0
437599398,The Peak,21.9,14.1,18.0
437599408,The Peak,21.9,14.1,18.0
437599418,The Peak,21.9,14.1,18.0
437599438,The Peak,21.9,14.1,18.0
437607088,The Peak,21.9,14.1,18.0
437607098,The Peak,15.8,15.8,15.8
437607108,The Peak,15.8,15.8,15.8
437607118,The Peak,15.8,15.8,15.8
437607128,The Peak,15.8,15.6,15.7
437607138,The Peak,15.8,15.6,15.7
437607188,The Peak,15.9,15.6,15.75
437607198,The Peak,15.9,15.6,15.75
437607208,The Peak,15.9,15.6,15.75
437607218,The Peak,15.9,15.6,15.75
437607228,The Peak,15.9,15.6,15.75
437607238,The Peak,15.9,15.6,15.75
437607288,The Peak,15.9,15.6,15.75
437607298,The Peak,15.9,15.6,15.75
437607308,The Peak,15.9,15.6,15.75
437607318,The Peak,15.9,15.5,15.7
437607328,The Peak,15.9,15.5,15.7
437607338,The Peak,15.9,15.5,15.7
437607388,The Peak,15.9,15.4,15.65
437607398,The Peak,15.9,15.4,15.65
437607408,The Peak,15.9,15.3,15.600000000000001
437607418,The Peak,15.9,15.3,15.600000000000001
437607428,The Peak,15.9,15.2,15.55
437607438,The Peak,15.9,15.2,15.55
437607488,The Peak,15.9,15.2,15.55
437607498,The Peak,15.9,15.2,15.55
437607508,The Peak,15.9,15.2,15.55
437607518,The Peak,15.9,15.2,15.55
437607528,The Peak,15.9,15.2,15.55
437607538,The Peak,15.9,15.2,15.55
437607588,The Peak,15.9,15.2,15.55
437607598,The Peak,15.9,15.2,15.55
437607608,The Peak,15.9,15.2,15.55
437607618,The Peak,15.9,15.2,15.55
437607628,The Peak,15.9,15.2,15.55
437607638,The Peak,15.9,15.2,15.55
437607688,The Peak,15.9,15.1,15.5
437607698,The Peak,15.9,15.1,15.5
437607708,The Peak,15.9,15.1,15.5
437607718,The Peak,16.0,15.1,15.55
437607728,The Peak,16.0,15.1,15.55
437607738,The Peak,16.0,15.1,15.55
437607788,The Peak,16.0,15.1,15.55
437607798,The Peak,16.0,15.1,15.55
437607808,The Peak,16.0,15.1,15.55
437607818,The Peak,16.0,15.1,15.55
437607828,The Peak,16.0,15.1,15.55
437607838,The Peak,16.0,15.1,15.55
437607888,The Peak,16.0,15.1,15.55
437607898,The Peak,16.0,15.1,15.55
437607908,The Peak,16.0,15.1,15.55
437607918,The Peak,16.0,15.1,15.55
437607928,The Peak,16.0,15.1,15.55
437607938,The Peak,16.0,15.1,15.55
437607988,The Peak,16.0,15.1,15.55
437607998,The Peak,16.0,15.1,15.55
437608008,The Peak,16.0,15.0,15.5
437608018,The Peak,16.0,15.0,15.5
437608028,The Peak,16.0,15.0,15.5
437608038,The Peak,16.0,15.0,15.5
437608088,The Peak,16.0,15.0,15.5
437608098,The Peak,16.2,15.0,15.6
437608108,The Peak,16.6,15.0,15.8
437608118,The Peak,17.1,15.0,16.05
437608128,The Peak,17.5,15.0,16.25
437608138,The Peak,17.7,15.0,16.35
437608188,The Peak,17.7,15.0,16.35
437608198,The Peak,17.7,15.0,16.35
437608208,The Peak,18.0,15.0,16.5
437608218,The Peak,18.0,15.0,16.5
437608228,The Peak,18.0,15.0,16.5
437608238,The Peak,18.0,15.0,16.5
437608288,The Peak,18.0,15.0,16.5
437608298,The Peak,18.0,15.0,16.5
437608308,The Peak,18.0,15.0,16.5
437608318,The Peak,18.0,15.0,16.5
437608328,The Peak,18.0,15.0,16.5
437608338,The Peak,18.0,15.0,16.5
437608388,The Peak,18.0,15.0,16.5
437608398,The Peak,18.0,15.0,16.5
437608408,The Peak,18.0,15.0,16.5
437608418,The Peak,18.0,15.0,16.5
437608428,The Peak,18.0,15.0,16.5
437608438,The Peak,18.0,15.0,16.5
437608488,The Peak,18.0,15.0,16.5
437608498,The Peak,18.0,15.0,16.5
437608508,The Peak,18.0,15.0,16.5
437608518,The Peak,18.0,15.0,16.5
437608528,The Peak,18.0,15.0,16.5
437608538,The Peak,18.0,15.0,16.5
437608588,The Peak,18.0,15.0,16.5
437608598,The Peak,18.0,15.0,16.5
437608608,The Peak,18.0,15.0,16.5
437608618,The Peak,18.0,15.0,16.5
437608628,The Peak,18.0,15.0,16.5
437608638,The Peak,18.0,15.0,16.5
437608688,The Peak,18.0,15.0,16.5
437608698,The Peak,18.0,15.0,16.5
437608708,The Peak,18.0,15.0,16.5
437608718,The Peak,18.0,15.0,16.5
437608728,The Peak,18.0,15.0,16.5
437608738,The Peak,18.0,15.0,16.5
437608788,The Peak,18.0,15.0,16.5
437608798,The Peak,18.0,15.0,16.5
437608808,The Peak,18.0,15.0,16.5
437608818,The Peak,18.0,15.0,16.5
437608828,The Peak,18.0,15.0,16.5
437608838,The Peak,18.0,15.0,16.5
437608888,The Peak,18.0,15.0,16.5
437608898,The Peak,18.0,15.0,16.5
437608908,The Peak,18.0,15.0,16.5
437608918,The Peak,18.0,15.0,16.5
437608928,The Peak,18.0,15.0,16.5
437608938,The Peak,18.0,15.0,16.5
437608988,The Peak,18.0,14.9,16.45
437608998,The Peak,18.0,14.8,16.4
437609008,The Peak,18.0,14.8,16.4
437609018,The Peak,18.0,14.8,16.4
437609028,The Peak,18.0,14.8,16.4
437609038,The Peak,18.0,14.8,16.4
437609088,The Peak,18.0,14.8,16.4
437609098,The Peak,18.0,14.8,16.4
437609108,The Peak,18.0,14.8,16.4
437609118,The Peak,18.0,14.8,16.4
437609128,The Peak,18.0,14.8,16.4
437609138,The Peak,18.0,14.8,16.4
437609188,The Peak,18.0,14.8,16.4
437609198,The Peak,18.0,14.8,16.4
437609208,The Peak,18.0,14.8,16.4
437609218,The Peak,18.0,14.8,16.4
437609228,The Peak,18.0,14.8,16.4
437609238,The Peak,18.0,14.8,16.4
437609288,The Peak,18.0,14.8,16.4
437609298,The Peak,18.0,14.8,16.4
437609308,The Peak,18.0,14.8,16.4
437609318,The Peak,18.0,14.8,16.4
437609328,The Peak,18.0,14.8,16.4
437609338,The Peak,18.0,14.8,16.4
437609388,The Peak,18.0,14.8,16.4
437609398,The Peak,18.0,14.8,16.4
437609408,The Peak,18.0,14.8,16.4
437609418,The Peak,18.0,14.8,16.4
437609428,The Peak,18.0,14.8,16.4
437609438,The Peak,18.0,14.8,16.4
437617088,The Peak,18.0,14.8,16.4
437617098,The Peak,14.8,14.8,14.8
437617108,The Peak,14.8,14.7,14.75
437617118,The Peak,14.8,14.7,14.75
437617128,The Peak,14.8,14.7,14.75
437617138,The Peak,14.8,14.7,14.75
437617188,The Peak,14.8,14.7,14.75
437617198,The Peak,14.8,14.7,14.75
437617208,The Peak,14.8,14.7,14.75
437617218,The Peak,14.8,14.7,14.75
437617228,The Peak,14.8,14.7,14.75
437617238,The Peak,14.8,14.5,14.65
437617288,The Peak,14.8,14.5,14.65
437617298,The Peak,14.8,14.5,14.65
437617308,The Peak,14.8,14.5,14.65
437617318,The Peak,14.8,14.5,14.65
437617328,The Peak,14.8,14.5,14.65
437617338,The Peak,14.8,14.5,14.65
437617388,The Peak,14.8,14.5,14.65
437617398,The Peak,14.9,14.5,14.7
437617408,The Peak,15.0,14.5,14.75
437617418,The Peak,15.1,14.5,14.8
437617428,The Peak,15.1,14.5,14.8
437617438,The Peak,15.1,14.5,14.8
437617488,The Peak,15.1,14.5,14.8
437617498,The Peak,15.1,14.5,14.8
437617508,The Peak,15.1,14.5,14.8
437617518,The Peak,15.1,14.5,14.8
437617528,The Peak,15.1,14.5,14.8
437617538,The Peak,15.1,14.5,14.8
437617588,The Peak,15.1,14.5,14.8
437617598,The Peak,15.1,14.5,14.8
437617608,The Peak,15.1,14.5,14.8
437617618,The Peak,15.1,14.5,14.8
437617628,The Peak,15.1,14.5,14.8
437617638,The Peak,15.1,14.5,14.8
437617688,The Peak,15.1,14.5,14.8
437617698,The Peak,15.1,14.5,14.8
437617708,The Peak,15.2,14.5,14.85
437617718,The Peak,15.2,14.5,14.85
437617728,The Peak,15.2,14.5,14.85
437617738,The Peak,15.2,14.5,14.85
437617788,The Peak,15.2,14.5,14.85
437617798,The Peak,15.2,14.5,14.85
437617808,The Peak,15.2,14.5,14.85
437617818,The Peak,15.2,14.5,14.85
437617828,The Peak,15.2,14.5,14.85
437617838,The Peak,15.3,14.5,14.9
437617888,The Peak,15.3,14.5,14.9
437617898,The Peak,15.3,14.5,14.9
437617908,The Peak,15.4,14.5,14.95
437617918,The Peak,15.4,14.5,14.95
437617928,The Peak,15.5,14.5,15.0
437617938,The Peak,15.6,14.5,15.05
437617988,The Peak,15.7,14.5,15.1
437617998,The Peak,15.7,14.5,15.1
437618008,The Peak,15.7,14.5,15.1
437618018,The Peak,15.8,14.5,15.15
437618028,The Peak,15.8,14.5,15.15
437618038,The Peak,15.9,14.5,15.2
437618088,The Peak,16.0,14.5,15.25
437618098,The Peak,16.1,14.5,15.3
437618108,The Peak,16.2,14.5,15.35
437618118,The Peak,16.3,14.5,15.4
437618128,The Peak,16.3,14.5,15.4
437618138,The Peak,16.4,14.5,15.45
437618188,The Peak,16.4,14.5,15.45
437618198,The Peak,16.4,14.5,15.45
437618208,The Peak,16.4,14.5,15.45
437618218,The Peak,16.4,14.5,15.45
437618228,The Peak,16.4,14.5,15.45
437618238,The Peak,16.4,14.5,15.45
437618288,The Peak,16.4,14.5,15.45
437618298,The Peak,16.4,14.5,15.45
437618308,The Peak,16.4,14.5,15.45
437618318,The Peak,16.4,14.5,15.45
437618328,The Peak,16.4,14.5,15.45
437618338,The Peak,16.4,14.5,15.45
437618388,The Peak,16.4,14.5,15.45
437618398,The Peak,16.4,14.5,15.45
437618408,The Peak,16.4,14.5,15.45
437618418,The Peak,16.4,14.5,15.45
437618428,The Peak,16.4,14.5,15.45
437618438,The Peak,16.5,14.5,15.5
437618488,The Peak,16.5,14.5,15.5
437618498,The Peak,17.0,14.5,15.75
437618508,The Peak,17.0,14.5,15.75
437618518,The Peak,17.0,14.5,15.75
437618528,The Peak,17.0,14.5,15.75
437618538,The Peak,17.0,14.5,15.75
437618588,The Peak,17.0,14.5,15.75
437618598,The Peak,17.0,14.5,15.75
437618608,The Peak,17.0,14.5,15.75
437618618,The Peak,17.0,14.5,15.75
437618628,The Peak,17.0,14.5,15.75
437618638,The Peak,17.0,14.5,15.75
437618688,The Peak,17.0,14.5,15.75
437618698,The Peak,17.0,14.5,15.75
437618708,The Peak,17.0,14.5,15.75
437618718,The Peak,17.0,14.5,15.75
437618728,The Peak,17.0,14.5,15.75
437618738,The Peak,17.0,14.5,15.75
437618788,The Peak,17.0,14.5,15.75
437618798,The Peak,17.0,14.5,15.75
437618808,The Peak,17.0,14.5,15.75
437618818,The Peak,17.0,14.5,15.75
437618828,The Peak,17.0,14.5,15.75
437618838,The Peak,17.0,14.5,15.75
437618888,The Peak,17.0,14.5,15.75
437618898,The Peak,17.0,14.5,15.75
437618908,The Peak,17.0,14.5,15.75
437618918,The Peak,17.0,14.5,15.75
437618928,The Peak,17.0,14.5,15.75
437618938,The Peak,17.0,14.5,15.75
437618988,The Peak,17.0,14.5,15.75
437618998,The Peak,17.0,14.5,15.75
437619008,The Peak,17.0,14.5,15.75
437619018,The Peak,17.0,14.5,15.75
437619028,The Peak,17.0,14.5,15.75
437619038,The Peak,17.0,14.3,15.65
437619088,The Peak,17.0,14.1,15.55
437619098,The Peak,17.0,13.9,15.45
437619108,The Peak,17.0,13.9,15.45
437619118,The Peak,17.0,13.9,15.45
437619128,The Peak,17.0,13.9,15.45
437619138,The Peak,17.0,13.9,15.45
437619188,The Peak,17.0,13.9,15.45
437619198,The Peak,17.0,13.9,15.45
437619208,The Peak,17.0,13.9,15.45
437619218,The Peak,17.0,13.9,15.45
437619228,The Peak,17.0,13.9,15.45
437619238,The Peak,17.0,13.9,15.45
437619288,The Peak,17.0,13.9,15.45
437619298,The Peak,17.0,13.9,15.45
437619308,The Peak,17.0,13.9,15.45
437619318,The Peak,17.0,13.9,15.45
437619328,The Peak,17.0,13.9,15.45
437619338,The Peak,17.0,13.9,15.45
437619388,The Peak,17.0,13.9,15.45
437619398,The Peak,17.0,13.9,15.45
437619408,The Peak,17.0,13.9,15.45
437619418,The Peak,17.0,13.9,15.45
