time_id,temperature
0,14.339999999999998
1,14.347499999999997
2,14.354999999999995
3,14.362499999999994
4,14.369999999999994
5,14.377499999999992
6,14.384999999999991
7,14.384999999999991
8,14.384999999999987
9,14.387499999999989
10,14.389999999999986
10,14.397499999999985
11,14.399999999999983
12,14.402499999999984
12,14.399999999999983
13,14.399999999999983
14,14.39999999999998
15,14.399999999999977
16,14.399999999999977
17,14.399999999999977
18,14.399999999999977
19,14.399999999999977
20,14.399999999999977
21,14.399999999999977
22,14.399999999999977
22,14.399999999999977
23,14.399999999999977
24,14.399999999999977
24,14.399999999999977
25,14.399999999999977
26,14.399999999999977
27,14.399999999999977
28,14.399999999999977
29,14.399999999999977
30,14.399999999999977
31,14.399999999999977
32,14.399999999999977
33,14.399999999999977
34,14.399999999999977
34,14.399999999999977
35,14.399999999999977
36,14.399999999999977
36,14.399999999999977
37,14.39749999999998
38,14.394999999999982
39,14.392499999999984
40,14.389999999999986
41,14.389999999999986
42,14.387499999999989
43,14.384999999999991
44,14.382499999999993
45,14.379999999999995
46,14.377499999999998
46,14.374999999999995
47,14.372499999999992
48,14.369999999999987
48,14.367499999999984
49,14.36499999999998
50,14.362499999999978
51,14.359999999999975
52,14.35749999999997
53,14.354999999999967
54,14.352499999999964
55,14.352499999999958
56,14.352499999999953
57,14.352499999999946
58,14.35249999999994
58,14.349999999999937
59,14.349999999999932
60,14.349999999999927
60,14.34999999999992
61,14.352499999999925
62,14.354999999999928
63,14.357499999999936
64,14.359999999999946
65,14.362499999999955
66,14.364999999999963
67,14.367499999999973
68,14.369999999999981
69,14.372499999999992
70,14.375
70,14.377500000000008
71,14.380000000000019
72,14.382500000000027
72,14.385000000000037
73,14.387500000000045
74,14.390000000000054
75,14.392500000000064
76,14.395000000000072
77,14.397500000000083
78,14.400000000000091
79,14.400000000000091
80,14.400000000000091
81,14.400000000000091
82,14.400000000000091
82,14.400000000000091
83,14.400000000000091
84,14.400000000000091
84,14.400000000000091
85,14.400000000000091
86,14.400000000000091
87,14.400000000000091
88,14.400000000000091
89,14.400000000000091
90,14.402500000000089
91,14.405000000000086
92,14.405000000000086
93,14.407500000000084
94,14.410000000000082
94,14.41250000000008
95,14.415000000000077
96,14.417500000000075
96,14.420000000000073
97,14.437500000000068
98,14.455000000000064
99,14.48500000000006
100,14.515000000000054
101,14.52000000000005
102,14.565000000000044
103,14.610000000000037
104,14.622500000000036
105,14.670000000000027
106,14.717500000000019
106,14.76500000000001
107,14.810000000000002
108,14.854999999999995
108,14.902499999999986
109,14.962499999999988
110,15.02249999999999
111,15.08499999999998
112,15.147499999999969
113,15.202499999999976
114,15.269999999999982
115,15.322499999999991
116,15.367499999999996
117,15.407500000000004
118,15.447500000000014
118,15.512500000000022
119,15.537500000000033
120,15.562500000000046
120,15.62000000000005
121,15.655000000000063
122,15.690000000000078
123,15.727500000000077
124,15.765000000000077
125,15.78750000000009
126,15.825000000000092
127,15.847500000000082
128,15.855000000000086
129,15.87500000000009
130,15.895000000000095
130,15.922500000000081
131,15.937500000000068
132,15.952500000000054
132,15.975000000000046
133,15.990000000000032
134,16.005000000000017
135,16.020000000000003
136,16.03499999999999
137,16.049999999999976
138,16.064999999999962
139,16.06749999999995
140,16.069999999999936
141,16.072499999999945
142,16.074999999999953
142,16.09249999999995
143,16.09499999999996
144,16.097499999999968
144,16.114999999999963
145,16.127499999999962
146,16.139999999999965
147,16.152499999999964
148,16.164999999999964
149,16.16999999999996
150,16.18249999999996
151,16.194999999999958
152,16.20749999999996
153,16.222499999999968
154,16.237499999999976
154,16.252499999999987
155,16.267499999999995
156,16.282500000000006
156,16.297500000000014
157,16.3125
158,16.327499999999986
159,16.354999999999972
160,16.382499999999958
161,16.39499999999996
162,16.422499999999946
163,16.43999999999994
164,16.444999999999936
165,16.46249999999993
166,16.479999999999926
166,16.504999999999928
167,16.522499999999923
168,16.539999999999917
168,16.557499999999912
169,16.5724999999999
170,16.587499999999885
171,16.60249999999987
172,16.617499999999858
173,16.632499999999844
174,16.64749999999983
175,16.659999999999833
176,16.672499999999832
177,16.672499999999832
178,16.672499999999832
178,16.68749999999982
179,16.68749999999982
180,16.68749999999982
180,16.699999999999818
181,16.699999999999818
182,16.699999999999818
183,16.699999999999818
184,16.699999999999818
185,16.699999999999818
186,16.699999999999818
187,16.699999999999818
188,16.699999999999818
189,16.699999999999818
190,16.699999999999818
190,16.699999999999818
191,16.699999999999818
192,16.699999999999818
192,16.699999999999818
193,16.699999999999818
194,16.699999999999818
195,16.699999999999818
196,16.699999999999818
197,16.699999999999818
198,16.699999999999818
199,16.699999999999818
200,16.699999999999818
201,16.699999999999818
202,16.699999999999818
202,16.699999999999818
203,16.699999999999818
204,16.699999999999818
204,16.699999999999818
205,16.699999999999818
206,16.699999999999818
207,16.699999999999818
208,16.699999999999818
209,16.699999999999818
210,16.699999999999818
211,16.699999999999818
212,16.699999999999818
213,16.699999999999818
214,16.699999999999818
214,16.699999999999818
215,16.699999999999818
216,16.699999999999818
216,16.699999999999818
217,16.699999999999818
218,16.699999999999818
219,16.699999999999818
220,16.699999999999818
221,16.699999999999818
222,16.699999999999818
223,16.699999999999818
224,16.699999999999818
225,16.699999999999818
226,16.699999999999818
226,16.699999999999818
227,16.699999999999818
228,16.699999999999818
228,16.699999999999818
229,16.699999999999818
230,16.699999999999818
231,16.699999999999818
232,16.699999999999818
233,16.699999999999818
234,16.699999999999818
235,16.699999999999818
236,16.699999999999818
237,16.699999999999818
238,16.699999999999818
238,16.699999999999818
239,16.699999999999818
240,16.699999999999818
240,16.699999999999818
241,16.699999999999818
242,16.699999999999818
243,16.699999999999818
244,16.699999999999818
245,16.699999999999818
246,16.699999999999818
247,16.699999999999818
248,16.699999999999818
249,16.699999999999818
250,16.699999999999818
250,16.699999999999818
251,16.699999999999818
252,16.699999999999818
252,16.699999999999818
253,16.699999999999818
254,16.699999999999818
255,16.699999999999818
256,16.699999999999818
257,16.699999999999818
258,16.699999999999818
259,16.699999999999818
260,16.699999999999818
261,16.699999999999818
262,16.699999999999818
262,16.699999999999818
263,16.699999999999818
264,16.699999999999818
264,16.699999999999818
265,16.699999999999818
266,16.699999999999818
267,16.699999999999818
268,16.699999999999818
269,16.699999999999818
270,16.699999999999818
271,16.699999999999818
272,16.699999999999818
273,16.699999999999818
274,16.699999999999818
274,16.699999999999818
275,16.699999999999818
276,16.699999999999818
276,16.699999999999818
277,16.579999999999835
278,16.459999999999855
279,16.337499999999864
280,16.214999999999872
281,16.214999999999872
282,16.09249999999988
283,15.96999999999989
284,15.849999999999909
285,15.727499999999917
286,15.604999999999928
286,15.482499999999936
287,15.359999999999946
288,15.237499999999955
288,15.114999999999963
289,14.989999999999963
290,14.864999999999963
291,14.737499999999955
292,14.609999999999946
293,14.487499999999955
294,14.359999999999946
295,14.352499999999917
296,14.349999999999909
297,14.34499999999989
298,14.339999999999872
298,14.212499999999864
299,14.207499999999845
300,14.202499999999826
300,14.1949999999998
301,14.187499999999819
302,14.179999999999836
303,14.172499999999854
304,14.164999999999873
305,14.15749999999989
306,14.14999999999991
307,14.144999999999936
308,14.139999999999963
309,14.134999999999991
310,14.130000000000019
310,14.120000000000028
311,14.115000000000055
312,14.110000000000081
312,14.10000000000009
313,14.09250000000011
314,14.085000000000127
315,14.075000000000136
316,14.065000000000145
317,14.060000000000173
318,14.050000000000182
319,14.042500000000155
320,14.037500000000136
321,14.025000000000137
322,14.012500000000136
322,14.000000000000137
323,13.987500000000136
324,13.975000000000136
324,13.962500000000137
325,13.950000000000136
326,13.937500000000137
327,13.925000000000136
328,13.912500000000136
329,13.902500000000146
330,13.887500000000136
331,13.875000000000137
332,13.865000000000146
333,13.852500000000145
334,13.840000000000146
334,13.822500000000128
335,13.810000000000127
336,13.797500000000127
336,13.782500000000118
337,13.772500000000083
338,13.762500000000045
339,13.752500000000008
340,13.742499999999973
341,13.732499999999936
342,13.719999999999937
343,13.709999999999946
344,13.702499999999919
345,13.689999999999918
346,13.677499999999919
346,13.662499999999909
347,13.652499999999918
348,13.642499999999927
348,13.629999999999928
349,13.622499999999945
350,13.614999999999963
351,13.607499999999982
352,13.6
353,13.592500000000019
354,13.585000000000036
355,13.580000000000064
356,13.575000000000092
357,13.570000000000118
358,13.565000000000145
358,13.560000000000173
359,13.557500000000164
360,13.555000000000154
360,13.550000000000182
361,13.550000000000182
362,13.550000000000182
363,13.550000000000182
364,13.550000000000182
365,13.550000000000182
366,13.550000000000182
367,13.550000000000182
368,13.550000000000182
369,13.550000000000182
370,13.550000000000182
370,13.550000000000182
371,13.550000000000182
372,13.550000000000182
372,13.550000000000182
373,13.550000000000182
374,13.550000000000182
375,13.550000000000182
376,13.550000000000182
377,13.550000000000182
378,13.550000000000182
379,13.550000000000182
380,13.550000000000182
381,13.550000000000182
382,13.550000000000182
382,13.550000000000182
383,13.550000000000182
384,13.550000000000182
384,13.550000000000182
385,13.550000000000182
386,13.550000000000182
387,13.550000000000182
388,13.550000000000182
389,13.550000000000182
390,13.550000000000182
391,13.550000000000182
392,13.550000000000182
393,13.550000000000182
394,13.550000000000182
394,13.550000000000182
395,13.550000000000182
396,13.550000000000182
396,13.550000000000182
397,13.550000000000182
398,13.550000000000182
399,13.550000000000182
400,13.550000000000182
401,13.550000000000182
402,13.550000000000182
403,13.550000000000182
404,13.550000000000182
405,13.55250000000019
406,13.5550000000002
406,13.557500000000209
407,13.560000000000219
408,13.562500000000227
408,13.565000000000236
409,13.577500000000237
410,13.590000000000236
411,13.605000000000246
412,13.620000000000255
413,13.625000000000227
414,13.6425000000002
415,13.660000000000172
416,13.670000000000163
417,13.697500000000172
418,13.725000000000183
418,13.752500000000191
419,13.7800000000002
420,13.807500000000209
420,13.835000000000218
421,13.870000000000209
422,13.9050000000002
423,13.940000000000191
424,13.975000000000183
425,14.000000000000181
426,14.040000000000145
427,14.070000000000118
428,14.0900000000001
429,14.122500000000082
430,14.155000000000063
430,14.197500000000081
431,14.2275000000001
432,14.257500000000118
432,14.295000000000119
433,14.3150000000001
434,14.335000000000083
435,14.360000000000081
436,14.385000000000081
437,14.405000000000063
438,14.430000000000064
439,14.445000000000073
440,14.455000000000064
441,14.470000000000073
442,14.485000000000081
442,14.510000000000081
443,14.520000000000119
444,14.530000000000154
444,14.550000000000182
445,14.5550000000002
446,14.560000000000219
447,14.565000000000236
448,14.570000000000254
449,14.575000000000273
450,14.580000000000291
451,14.58500000000031
452,14.590000000000327
453,14.590000000000327
454,14.590000000000327
454,14.595000000000345
455,14.595000000000345
456,14.595000000000345
456,14.600000000000364
457,14.600000000000364
458,14.600000000000364
459,14.600000000000364
460,14.600000000000364
461,14.600000000000364
462,14.600000000000364
463,14.600000000000364
464,14.600000000000364
465,14.600000000000364
466,14.600000000000364
466,14.600000000000364
467,14.600000000000364
468,14.600000000000364
468,14.600000000000364
469,14.600000000000364
470,14.600000000000364
471,14.600000000000364
472,14.600000000000364
473,14.600000000000364
474,14.600000000000364
475,14.600000000000364
476,14.600000000000364
477,14.600000000000364
478,14.600000000000364
478,14.600000000000364
479,14.600000000000364
480,14.600000000000364
480,14.600000000000364
481,14.600000000000364
482,14.600000000000364
483,14.600000000000364
484,14.600000000000364
485,14.600000000000364
486,14.600000000000364
487,14.600000000000364
488,14.600000000000364
489,14.600000000000364
490,14.600000000000364
490,14.600000000000364
491,14.600000000000364
492,14.600000000000364
492,14.600000000000364
493,14.600000000000364
494,14.600000000000364
495,14.600000000000364
496,14.600000000000364
497,14.600000000000364
498,14.600000000000364
499,14.600000000000364
500,14.600000000000364
501,14.600000000000364
502,14.600000000000364
502,14.600000000000364
503,14.600000000000364
504,14.600000000000364
504,14.600000000000364
505,14.600000000000364
506,14.600000000000364
507,14.600000000000364
508,14.600000000000364
509,14.600000000000364
510,14.600000000000364
511,14.600000000000364
512,14.600000000000364
513,14.600000000000364
514,14.600000000000364
514,14.600000000000364
515,14.600000000000364
516,14.600000000000364
516,14.600000000000364
517,14.600000000000364
518,14.600000000000364
519,14.600000000000364
520,14.600000000000364
521,14.600000000000364
522,14.600000000000364
523,14.600000000000364
524,14.600000000000364
525,14.600000000000364
526,14.600000000000364
526,14.600000000000364
527,14.600000000000364
528,14.600000000000364
528,14.600000000000364
529,14.600000000000364
530,14.600000000000364
531,14.600000000000364
532,14.600000000000364
533,14.600000000000364
534,14.600000000000364
535,14.600000000000364
536,14.600000000000364
537,14.600000000000364
538,14.600000000000364
538,14.600000000000364
539,14.600000000000364
540,14.600000000000364
540,14.600000000000364
541,14.600000000000364
542,14.600000000000364
543,14.600000000000364
544,14.600000000000364
545,14.600000000000364
546,14.600000000000364
547,14.600000000000364
548,14.600000000000364
549,14.600000000000364
550,14.600000000000364
550,14.600000000000364
551,14.600000000000364
552,14.600000000000364
552,14.600000000000364
553,14.600000000000364
554,14.600000000000364
555,14.600000000000364
556,14.600000000000364
557,14.600000000000364
558,14.600000000000364
559,14.600000000000364
560,14.600000000000364
561,14.600000000000364
562,14.600000000000364
562,14.600000000000364
563,14.600000000000364
564,14.600000000000364
564,14.547500000000309
565,14.495000000000255
566,14.4425000000002
567,14.390000000000146
568,14.390000000000146
569,14.337500000000091
570,14.285000000000036
571,14.232499999999982
572,14.179999999999927
573,14.127499999999873
574,14.074999999999818
575,14.022499999999763
576,13.96999999999971
576,13.917499999999654
577,13.862499999999637
578,13.807499999999617
579,13.7524999999996
580,13.697499999999582
581,13.642499999999563
582,13.587499999999546
583,13.584999999999582
584,13.582499999999618
585,13.579999999999654
586,13.577499999999691
586,13.522499999999672
587,13.519999999999708
588,13.517499999999746
588,13.514999999999782
589,13.512499999999818
590,13.509999999999854
591,13.504999999999928
592,13.5
593,13.497500000000036
594,13.490000000000055
595,13.485000000000037
596,13.485000000000037
597,13.480000000000018
598,13.475
598,13.469999999999981
599,13.464999999999964
600,13.459999999999946
600,13.454999999999927
601,13.447499999999945
602,13.439999999999964
603,13.429999999999927
604,13.419999999999892
605,13.412499999999909
606,13.397499999999946
607,13.382499999999983
608,13.375
609,13.359999999999946
610,13.34499999999989
610,13.327499999999873
611,13.314999999999873
612,13.302499999999872
612,13.284999999999854
613,13.272499999999855
614,13.259999999999854
615,13.247499999999855
616,13.234999999999854
617,13.222499999999854
618,13.209999999999855
619,13.199999999999818
620,13.189999999999781
621,13.1824999999998
622,13.174999999999818
622,13.164999999999782
623,13.162499999999728
624,13.159999999999673
624,13.149999999999636
625,13.149999999999636
626,13.149999999999636
627,13.149999999999636
628,13.149999999999636
629,13.149999999999636
630,13.147499999999672
631,13.144999999999708
632,13.144999999999708
633,13.142499999999746
634,13.139999999999782
634,13.137499999999818
635,13.134999999999854
636,13.13249999999989
636,13.129999999999928
637,13.12499999999991
638,13.11999999999989
639,13.112499999999908
640,13.104999999999928
641,13.099999999999909
642,13.092499999999927
643,13.084999999999946
644,13.079999999999927
645,13.072499999999945
646,13.064999999999964
646,13.057499999999981
647,13.052499999999963
648,13.047499999999946
648,13.039999999999964
649,13.034999999999945
650,13.029999999999927
651,13.02499999999991
652,13.019999999999891
653,13.014999999999873
654,13.009999999999854
655,13.00749999999989
656,13.004999999999928
657,13.002499999999964
658,13.0
658,12.995000000000072
659,12.99250000000011
660,12.990000000000146
660,12.985000000000218
661,12.977500000000237
662,12.970000000000255
663,12.962500000000272
664,12.955000000000291
665,12.952500000000327
666,12.945000000000345
667,12.937500000000364
668,12.932500000000346
669,12.925000000000363
670,12.917500000000382
670,12.9100000000004
671,12.902500000000419
672,12.895000000000437
672,12.887500000000454
673,12.882500000000437
674,12.877500000000419
675,12.8725000000004
676,12.867500000000382
677,12.862500000000363
678,12.857500000000346
679,12.857500000000346
680,12.857500000000346
681,12.857500000000346
682,12.857500000000346
682,12.852500000000328
683,12.852500000000328
684,12.852500000000328
684,12.850000000000364
685,12.850000000000364
686,12.850000000000364
687,12.850000000000364
688,12.850000000000364
689,12.850000000000364
690,12.852500000000328
691,12.855000000000292
692,12.855000000000292
693,12.862500000000272
694,12.870000000000255
694,12.877500000000236
695,12.885000000000218
696,12.8925000000002
696,12.900000000000182
697,12.932500000000164
698,12.965000000000146
699,12.997500000000127
700,13.03000000000011
701,13.040000000000054
702,13.077500000000054
703,13.115000000000055
704,13.132500000000073
705,13.180000000000017
706,13.227499999999964
706,13.27499999999991
707,13.31999999999989
708,13.364999999999872
708,13.412499999999818
709,13.467499999999836
710,13.522499999999855
711,13.592499999999836
712,13.662499999999818
713,13.709999999999855
714,13.784999999999854
715,13.834999999999855
716,13.864999999999872
717,13.914999999999873
718,13.964999999999872
718,14.037499999999909
719,14.082499999999891
720,14.127499999999873
720,14.192499999999836
721,14.239999999999872
722,14.287499999999909
723,14.334999999999946
724,14.382499999999983
725,14.425
726,14.475
727,14.509999999999945
728,14.542499999999928
729,14.56249999999991
730,14.582499999999891
730,14.624999999999819
731,14.639999999999782
732,14.654999999999745
732,14.68999999999969
733,14.704999999999654
734,14.719999999999619
735,14.734999999999582
736,14.749999999999545
737,14.764999999999509
738,14.779999999999472
739,14.782499999999436
740,14.7849999999994
741,14.787499999999364
742,14.789999999999328
742,14.797499999999308
743,14.797499999999308
744,14.797499999999308
744,14.799999999999272
745,14.799999999999272
746,14.799999999999272
747,14.799999999999272
748,14.799999999999272
749,14.799999999999272
750,14.799999999999272
751,14.799999999999272
752,14.799999999999272
753,14.799999999999272
754,14.799999999999272
754,14.799999999999272
755,14.799999999999272
756,14.799999999999272
756,14.799999999999272
757,14.799999999999272
758,14.799999999999272
759,14.799999999999272
760,14.799999999999272
761,14.799999999999272
762,14.799999999999272
763,14.799999999999272
764,14.799999999999272
765,14.799999999999272
766,14.799999999999272
766,14.799999999999272
767,14.799999999999272
768,14.799999999999272
768,14.799999999999272
769,14.799999999999272
770,14.799999999999272
771,14.799999999999272
772,14.799999999999272
773,14.799999999999272
774,14.799999999999272
775,14.799999999999272
776,14.799999999999272
777,14.799999999999272
778,14.799999999999272
778,14.799999999999272
779,14.799999999999272
780,14.799999999999272
780,14.799999999999272
781,14.799999999999272
782,14.799999999999272
783,14.799999999999272
784,14.799999999999272
785,14.799999999999272
786,14.799999999999272
787,14.799999999999272
788,14.799999999999272
789,14.799999999999272
790,14.799999999999272
790,14.799999999999272
791,14.799999999999272
792,14.799999999999272
792,14.799999999999272
793,14.799999999999272
794,14.799999999999272
795,14.799999999999272
796,14.799999999999272
797,14.799999999999272
798,14.799999999999272
799,14.799999999999272
800,14.799999999999272
801,14.799999999999272
802,14.799999999999272
802,14.799999999999272
803,14.799999999999272
804,14.799999999999272
804,14.799999999999272
805,14.799999999999272
806,14.799999999999272
807,14.799999999999272
808,14.799999999999272
809,14.799999999999272
810,14.799999999999272
811,14.799999999999272
812,14.799999999999272
813,14.799999999999272
814,14.799999999999272
814,14.799999999999272
815,14.799999999999272
816,14.799999999999272
816,14.799999999999272
817,14.799999999999272
818,14.799999999999272
819,14.799999999999272
820,14.799999999999272
821,14.799999999999272
822,14.799999999999272
823,14.799999999999272
824,14.799999999999272
825,14.799999999999272
826,14.799999999999272
826,14.799999999999272
827,14.799999999999272
828,14.799999999999272
828,14.799999999999272
829,14.799999999999272
830,14.799999999999272
831,14.799999999999272
832,14.799999999999272
833,14.799999999999272
834,14.799999999999272
835,14.799999999999272
836,14.799999999999272
837,14.799999999999272
838,14.799999999999272
838,14.799999999999272
839,14.799999999999272
840,14.799999999999272
840,14.799999999999272
841,14.799999999999272
842,14.799999999999272
843,14.799999999999272
844,14.799999999999272
845,14.799999999999272
846,14.799999999999272
847,14.799999999999272
848,14.799999999999272
849,14.799999999999272
850,14.799999999999272
850,14.799999999999272
851,14.799999999999272
852,14.799999999999272
852,14.742499999999291
853,14.68499999999931
854,14.627499999999326
855,14.569999999999345
856,14.569999999999345
857,14.512499999999363
858,14.454999999999382
859,14.394999999999436
860,14.337499999999455
861,14.279999999999472
862,14.22249999999949
863,14.164999999999509
864,14.107499999999527
864,14.049999999999546
865,13.992499999999563
866,13.934999999999581
867,13.874999999999636
868,13.81499999999969
869,13.757499999999709
870,13.697499999999764
871,13.6949999999998
872,13.6949999999998
873,13.692499999999836
874,13.689999999999873
874,13.629999999999928
875,13.627499999999964
876,13.625
876,13.625
877,13.622500000000036
878,13.620000000000072
879,13.61750000000011
880,13.615000000000146
881,13.612500000000182
882,13.610000000000218
883,13.607500000000254
884,13.605000000000292
885,13.605000000000292
886,13.605000000000292
886,13.602500000000328
887,13.602500000000328
888,13.602500000000328
888,13.600000000000364
889,13.59750000000031
890,13.595000000000255
891,13.5925000000002
892,13.590000000000146
893,13.590000000000146
894,13.587500000000091
895,13.585000000000036
896,13.585000000000036
897,13.582499999999982
898,13.579999999999927
898,13.577499999999873
899,13.574999999999818
900,13.572499999999764
900,13.569999999999709
901,13.56499999999969
902,13.559999999999672
903,13.554999999999655
904,13.549999999999637
905,13.544999999999618
906,13.537499999999635
907,13.53249999999971
908,13.529999999999745
909,13.524999999999817
910,13.519999999999891
910,13.512499999999909
911,13.507499999999983
912,13.502500000000055
912,13.495000000000072
913,13.487500000000091
914,13.480000000000109
915,13.472500000000128
916,13.465000000000146
917,13.457500000000163
918,13.447500000000218
919,13.440000000000236
920,13.435000000000219
921,13.427500000000236
922,13.420000000000254
922,13.412500000000273
923,13.407500000000255
924,13.402500000000236
924,13.395000000000255
925,13.390000000000237
926,13.385000000000218
927,13.3800000000002
928,13.375000000000181
929,13.370000000000164
930,13.365000000000146
931,13.362500000000182
932,13.360000000000218
933,13.357500000000254
934,13.355000000000292
934,13.352500000000328
935,13.352500000000328
936,13.352500000000328
936,13.350000000000364
937,13.350000000000364
938,13.350000000000364
939,13.350000000000364
940,13.350000000000364
941,13.350000000000364
942,13.350000000000364
943,13.350000000000364
944,13.350000000000364
945,13.350000000000364
946,13.350000000000364
946,13.350000000000364
947,13.350000000000364
948,13.350000000000364
948,13.350000000000364
949,13.357500000000346
950,13.365000000000327
951,13.375000000000274
952,13.385000000000218
953,13.385000000000218
954,13.402500000000236
955,13.420000000000163
956,13.422500000000218
957,13.440000000000236
958,13.457500000000255
958,13.475000000000273
959,13.492500000000291
960,13.510000000000309
960,13.527500000000327
961,13.557500000000346
962,13.587500000000365
963,13.627500000000419
964,13.667500000000473
965,13.68500000000049
966,13.730000000000473
967,13.767500000000473
968,13.782500000000436
969,13.84000000000051
970,13.897500000000582
970,13.9650000000006
971,14.015000000000601
972,14.06500000000069
972,14.130000000000654
973,14.202500000000692
974,14.275000000000727
975,14.350000000000728
976,14.425000000000727
977,14.492500000000655
978,14.570000000000618
979,14.635000000000582
980,14.69000000000051
981,14.755000000000473
982,14.820000000000437
982,14.907500000000436
983,14.967500000000474
984,15.02750000000051
984,15.110000000000582
985,15.147500000000582
986,15.185000000000581
987,15.222500000000583
988,15.260000000000582
989,15.297500000000582
990,15.335000000000582
991,15.350000000000545
992,15.36500000000051
993,15.37750000000051
994,15.390000000000509
994,15.410000000000583
995,15.420000000000618
996,15.430000000000655
996,15.450000000000728
997,15.450000000000728
998,15.450000000000728
999,15.450000000000728
1000,15.450000000000728
1001,15.450000000000728
1002,15.480000000000654
1003,15.510000000000582
1004,15.540000000000509
1005,15.570000000000437
1006,15.600000000000364
1006,15.63000000000029
1007,15.660000000000219
1008,15.690000000000145
1009,15.720000000000073
1010,15.75
1011,15.804999999999927
1012,15.859999999999854
1013,15.914999999999782
1014,15.96999999999971
1015,16.024999999999636
1016,16.079999999999565
1017,16.13499999999949
1018,16.18999999999942
1019,16.244999999999344
1020,16.299999999999272
1021,16.32499999999927
1022,16.349999999999273
1023,16.37499999999927
1024,16.399999999999274
1025,16.424999999999272
1026,16.44999999999927
1027,16.474999999999273
1028,16.49999999999927
1029,16.524999999999274
1030,16.549999999999272
1031,16.549999999999272
1032,16.549999999999272
1033,16.549999999999272
1034,16.549999999999272
1035,16.549999999999272
1036,16.549999999999272
1037,16.549999999999272
1038,16.549999999999272
1039,16.549999999999272
1040,16.549999999999272
1041,16.549999999999272
1042,16.549999999999272
1043,16.549999999999272
1044,16.549999999999272
1045,16.549999999999272
1046,16.549999999999272
1047,16.549999999999272
1048,16.549999999999272
1049,16.549999999999272
1050,16.549999999999272
1051,16.549999999999272
1052,16.549999999999272
1053,16.549999999999272
1054,16.549999999999272
1054,16.549999999999272
1055,16.549999999999272
1056,16.549999999999272
1057,16.549999999999272
1058,16.549999999999272
1059,16.549999999999272
1060,16.549999999999272
1061,16.549999999999272
1062,16.549999999999272
1063,16.549999999999272
1064,16.549999999999272
1065,16.549999999999272
1066,16.549999999999272
1066,16.549999999999272
1067,16.549999999999272
1068,16.549999999999272
1068,16.549999999999272
1069,16.549999999999272
1070,16.549999999999272
1071,16.549999999999272
1072,16.549999999999272
1073,16.549999999999272
1074,16.549999999999272
1075,16.549999999999272
1076,16.549999999999272
1077,16.549999999999272
1078,16.549999999999272
1078,16.549999999999272
1079,16.549999999999272
1080,16.549999999999272
1080,16.549999999999272
1081,16.549999999999272
1082,16.549999999999272
1083,16.549999999999272
1084,16.549999999999272
1085,16.549999999999272
1086,16.549999999999272
1087,16.549999999999272
1088,16.549999999999272
1089,16.549999999999272
1090,16.549999999999272
1090,16.549999999999272
1091,16.549999999999272
1092,16.549999999999272
1092,16.549999999999272
1093,16.549999999999272
1094,16.549999999999272
1095,16.549999999999272
1096,16.549999999999272
1097,16.549999999999272
1098,16.549999999999272
1099,16.549999999999272
1100,16.549999999999272
1101,16.549999999999272
1102,16.549999999999272
1102,16.549999999999272
1103,16.549999999999272
1104,16.549999999999272
1104,16.549999999999272
1105,16.549999999999272
1106,16.549999999999272
1107,16.549999999999272
1108,16.549999999999272
1109,16.549999999999272
1110,16.549999999999272
1111,16.549999999999272
1112,16.549999999999272
1113,16.549999999999272
1114,16.549999999999272
1114,16.549999999999272
1115,16.549999999999272
1116,16.549999999999272
1116,16.549999999999272
1117,16.549999999999272
1118,16.549999999999272
1119,16.549999999999272
1120,16.549999999999272
1121,16.549999999999272
1122,16.549999999999272
1123,16.549999999999272
1124,16.549999999999272
1125,16.549999999999272
1126,16.549999999999272
1126,16.549999999999272
1127,16.549999999999272
1128,16.549999999999272
1128,16.549999999999272
1129,16.549999999999272
1130,16.549999999999272
1131,16.549999999999272
1132,16.549999999999272
1133,16.549999999999272
1134,16.549999999999272
1135,16.549999999999272
1136,16.549999999999272
1137,16.549999999999272
1138,16.549999999999272
1138,16.549999999999272
1139,16.549999999999272
1140,16.549999999999272
1140,16.42999999999938
1141,16.30999999999949
1142,16.1899999999996
1143,16.06999999999971
1144,16.06999999999971
1145,15.949999999999818
1146,15.829999999999927
1147,15.710000000000036
1148,15.590000000000146
1149,15.470000000000255
1150,15.350000000000364
1150,15.230000000000473
1151,15.110000000000582
1152,14.990000000000691
1153,14.900000000000727
1154,14.810000000000764
1155,14.722500000000764
1156,14.635000000000764
1157,14.540000000000873
1158,14.455000000000837
1159,14.490000000000691
1160,14.520000000000618
1161,14.555000000000472
1162,14.590000000000327
1162,14.50500000000029
1163,14.540000000000145
1164,14.575
1164,14.609999999999854
1165,14.644999999999708
1166,14.679999999999563
1167,14.714999999999417
1168,14.749999999999272
1169,14.784999999999126
1170,14.81999999999898
1171,14.824999999998909
1172,14.829999999998837
1173,14.832499999998799
1174,14.834999999998763
1174,14.844999999998617
1175,14.844999999998617
1176,14.844999999998617
1176,14.849999999998545
1177,14.849999999998545
1178,14.849999999998545
1179,14.849999999998545
1180,14.849999999998545
1181,14.849999999998545
1182,14.849999999998545
1183,14.849999999998545
1184,14.849999999998545
1185,14.849999999998545
1186,14.849999999998545
1186,14.849999999998545
1187,14.849999999998545
1188,14.849999999998545
1188,14.849999999998545
1189,14.849999999998545
1190,14.849999999998545
1191,14.849999999998545
1192,14.849999999998545
1193,14.849999999998545
1194,14.849999999998545
1195,14.849999999998545
1196,14.849999999998545
1197,14.849999999998545
1198,14.849999999998545
1198,14.849999999998545
1199,14.849999999998545
1200,14.849999999998545
1200,14.849999999998545
1201,14.849999999998545
1202,14.849999999998545
1203,14.849999999998545
1204,14.849999999998545
1205,14.849999999998545
1206,14.849999999998545
1207,14.849999999998545
1208,14.849999999998545
1209,14.849999999998545
1210,14.849999999998545
1210,14.849999999998545
1211,14.849999999998545
1212,14.849999999998545
1212,14.849999999998545
1213,14.849999999998545
1214,14.849999999998545
1215,14.849999999998545
1216,14.849999999998545
1217,14.849999999998545
1218,14.849999999998545
1219,14.849999999998545
1220,14.849999999998545
1221,14.849999999998545
1222,14.849999999998545
1222,14.849999999998545
1223,14.849999999998545
1224,14.849999999998545
1224,14.849999999998545
1225,14.849999999998545
1226,14.849999999998545
1227,14.849999999998545
1228,14.849999999998545
1229,14.849999999998545
1230,14.849999999998545
1231,14.849999999998545
1232,14.849999999998545
1233,14.849999999998545
1234,14.849999999998545
1234,14.849999999998545
1235,14.849999999998545
1236,14.849999999998545
1236,14.849999999998545
1237,14.849999999998545
1238,14.849999999998545
1239,14.85249999999869
1240,14.854999999998835
1241,14.854999999998835
1242,14.864999999998872
1243,14.87499999999891
1244,14.87499999999891
1245,14.892499999999018
1246,14.909999999999126
1246,14.927499999999236
1247,14.944999999999345
1248,14.962499999999455
1248,14.979999999999563
1249,15.022499999999672
1250,15.064999999999781
1251,15.109999999999854
1252,15.154999999999927
1253,15.185000000000036
1254,15.245000000000072
1255,15.30500000000011
1256,15.347500000000219
1257,15.40500000000011
1258,15.4625
1258,15.522500000000036
1259,15.572500000000037
1260,15.622500000000036
1260,15.682500000000072
1261,15.727499999999964
1262,15.772499999999855
1263,15.824999999999818
1264,15.877499999999781
1265,15.919999999999709
1266,15.974999999999635
1267,16.004999999999562
1268,16.02249999999949
1269,16.049999999999454
1270,16.077499999999418
1270,16.119999999999344
1271,16.132499999999347
1272,16.144999999999346
1272,16.174999999999272
1273,16.194999999999347
1274,16.214999999999417
1275,16.237499999999454
1276,16.25999999999949
1277,16.27249999999949
1278,16.29749999999949
1279,16.319999999999528
1280,16.329999999999565
1281,16.344999999999526
1282,16.35999999999949
1282,16.38499999999949
1283,16.39749999999949
1284,16.409999999999492
1284,16.43499999999949
1285,16.454999999999565
1286,16.474999999999635
1287,16.49499999999971
1288,16.51499999999978
1289,16.527499999999783
1290,16.54999999999982
1291,16.56499999999978
1292,16.57749999999978
1293,16.602499999999782
1294,16.62749999999978
1294,16.662499999999817
1295,16.684999999999853
1296,16.70749999999989
1296,16.74249999999993
1297,16.785000000000036
1298,16.827500000000146
1299,16.870000000000253
1300,16.912500000000364
1301,16.937500000000362
1302,16.982500000000435
1303,17.020000000000437
1304,17.042500000000473
1305,17.090000000000508
1306,17.137500000000546
1306,17.192500000000656
1307,17.23750000000073
1308,17.282500000000802
1308,17.330000000000837
1309,17.37750000000087
1310,17.42500000000091
1311,17.472500000000945
1312,17.520000000000984
1313,17.56250000000091
1314,17.61250000000091
1315,17.642500000000837
1316,17.665000000000692
1317,17.69500000000062
1318,17.725000000000545
1318,17.772500000000583
1319,17.800000000000544
1320,17.82750000000051
1320,17.870000000000438
1321,17.887500000000365
1322,17.905000000000292
1323,17.92250000000022
1324,17.940000000000147
1325,17.957500000000074
1326,17.975
1327,17.977499999999964
1328,17.979999999999926
1329,17.98249999999989
1330,17.984999999999854
1330,17.99249999999993
1331,17.99249999999993
1332,17.99249999999993
1332,18.0
1333,18.0
1334,18.0
1335,18.0
1336,18.0
1337,18.0
1338,18.0
1339,18.0
1340,18.0
1341,18.0
1342,18.0
1343,18.0
1344,18.0
1345,18.0
1346,18.0
1347,18.0
1348,18.0
1349,18.0
1350,18.0
1351,18.0
1352,18.0
1353,18.0
1354,18.0
1355,18.0
1356,18.0
1356,18.0
1357,18.0
1358,18.0
1359,18.0
1360,18.0
1361,18.0
1362,18.0
1363,18.0
1364,18.0
1365,18.0
1366,18.0
1366,18.0
1367,18.0
1368,18.0
1368,18.0
1369,18.0
1370,18.0
1371,18.0
1372,18.0
1373,18.0
1374,18.0
1375,18.0
1376,18.0
1377,18.0
1378,18.0
1378,18.0
1379,18.0
1380,18.0
1380,18.0
1381,18.0
1382,18.0
1383,18.0
1384,18.0
1385,18.0
1386,18.0
1387,18.0
1388,18.0
1389,18.0
1390,18.0
1390,18.0
1391,18.0
1392,18.0
1392,18.0
1393,18.0
1394,18.0
1395,18.0
1396,18.0
1397,18.0
1398,18.0
1399,18.0
1400,18.0
1401,18.0
1402,18.0
1402,18.0
1403,18.0
1404,18.0
1404,18.0
1405,18.0
1406,18.0
1407,18.0
1408,18.0
1409,18.0
1410,18.0
1411,18.0
1412,18.0
1413,18.0
1414,18.0
1414,18.0
1415,18.0
1416,18.0
1416,18.0
1417,18.0
1418,18.0
1419,18.0
1420,18.0
1421,18.0
1422,18.0
1423,18.0
1424,18.0
1425,18.0
1426,18.0
1426,18.0
1427,18.0
1428,18.0
1428,17.889999999999965
1429,17.779999999999927
1430,17.66999999999989
1431,17.559999999999853
1432,17.559999999999853
1433,17.44499999999989
1434,17.329999999999927
1435,17.219999999999892
1436,17.104999999999926
1437,16.989999999999963
1438,16.875
1439,16.760000000000037
1440,16.645000000000074
1440,16.530000000000108
1441,16.41750000000011
1442,16.30500000000011
1443,16.19250000000011
1444,16.08000000000011
1445,15.96750000000011
1446,15.855000000000109
1447,15.852500000000145
1448,15.850000000000183
1449,15.847500000000219
1450,15.845000000000255
1450,15.732500000000254
1451,15.735000000000218
1452,15.737500000000182
1452,15.735000000000218
1453,15.737500000000182
1454,15.740000000000146
1455,15.740000000000146
1456,15.740000000000146
1457,15.74250000000011
1458,15.74250000000011
1459,15.740000000000146
1460,15.740000000000146
1461,15.737500000000182
1462,15.735000000000218
1462,15.732500000000254
1463,15.730000000000292
1464,15.727500000000328
1464,15.725000000000364
1465,15.71750000000029
1466,15.710000000000218
1467,15.702500000000146
1468,15.695000000000073
1469,15.690000000000145
1470,15.68000000000011
1471,15.670000000000073
1472,15.665000000000145
1473,15.657500000000073
1474,15.65
1474,15.639999999999963
1475,15.63249999999989
1476,15.624999999999819
1476,15.614999999999782
1477,15.607499999999709
1478,15.599999999999635
1479,15.592499999999564
1480,15.584999999999491
1481,15.577499999999418
1482,15.569999999999345
1483,15.56749999999938
1484,15.564999999999419
1485,15.562499999999455
1486,15.55999999999949
1486,15.554999999999382
1487,15.554999999999382
1488,15.554999999999382
1488,15.549999999999272
1489,15.549999999999272
1490,15.549999999999272
1491,15.549999999999272
1492,15.549999999999272
1493,15.549999999999272
1494,15.549999999999272
1495,15.549999999999272
1496,15.549999999999272
1497,15.549999999999272
1498,15.549999999999272
1498,15.549999999999272
1499,15.549999999999272
1500,15.549999999999272
1500,15.549999999999272
1501,15.547499999999308
1502,15.544999999999344
1503,15.544999999999344
1504,15.544999999999344
1505,15.542499999999382
1506,15.542499999999382
1507,15.542499999999382
1508,15.539999999999418
1509,15.539999999999418
1510,15.539999999999418
1510,15.539999999999418
1511,15.539999999999418
1512,15.539999999999418
1512,15.539999999999418
1513,15.539999999999418
1514,15.539999999999418
1515,15.539999999999418
1516,15.539999999999418
1517,15.539999999999418
1518,15.539999999999418
1519,15.542499999999382
1520,15.544999999999344
1521,15.544999999999344
1522,15.544999999999344
1522,15.547499999999308
1523,15.547499999999308
1524,15.547499999999308
1524,15.549999999999272
1525,15.549999999999272
1526,15.549999999999272
1527,15.549999999999272
1528,15.549999999999272
1529,15.549999999999272
1530,15.549999999999272
1531,15.549999999999272
1532,15.549999999999272
1533,15.549999999999272
1534,15.549999999999272
1534,15.549999999999272
1535,15.549999999999272
1536,15.549999999999272
1536,15.549999999999272
1537,15.547499999999308
1538,15.544999999999344
1539,15.542499999999382
1540,15.539999999999418
1541,15.539999999999418
1542,15.537499999999454
1543,15.53499999999949
1544,15.53499999999949
1545,15.532499999999526
1546,15.529999999999564
1546,15.5274999999996
1547,15.524999999999636
1548,15.522499999999672
1548,15.519999999999708
1549,15.53249999999971
1550,15.544999999999709
1551,15.569999999999709
1552,15.59499999999971
1553,15.592499999999745
1554,15.627499999999781
1555,15.664999999999782
1556,15.669999999999709
1557,15.712499999999636
1558,15.754999999999564
1558,15.794999999999527
1559,15.837499999999455
1560,15.87999999999938
1560,15.919999999999344
1561,15.969999999999345
1562,16.019999999999346
1563,16.069999999999347
1564,16.119999999999344
1565,16.162499999999273
1566,16.212499999999274
1567,16.24749999999931
1568,16.274999999999274
1569,16.29749999999931
1570,16.319999999999347
1570,16.369999999999344
1571,16.382499999999347
1572,16.394999999999346
1572,16.43999999999942
1573,16.44749999999949
1574,16.454999999999565
1575,16.462499999999636
1576,16.469999999999708
1577,16.477499999999782
1578,16.484999999999854
1579,16.484999999999854
1580,16.484999999999854
1581,16.484999999999854
1582,16.484999999999854
1582,16.49249999999993
1583,16.49249999999993
1584,16.49249999999993
1584,16.5
1585,16.5
1586,16.5
1587,16.5
1588,16.5
1589,16.5
1590,16.5
1591,16.5
1592,16.5
1593,16.5
1594,16.5
1594,16.5
1595,16.5
1596,16.5
1596,16.5
1597,16.5
1598,16.5
1599,16.5
1600,16.5
1601,16.5
1602,16.5
1603,16.5
1604,16.5
1605,16.5
1606,16.5
1606,16.5
1607,16.5
1608,16.5
1608,16.5
1609,16.5
1610,16.5
1611,16.5
1612,16.5
1613,16.5
1614,16.5
1615,16.5
1616,16.5
1617,16.5
1618,16.5
1618,16.5
1619,16.5
1620,16.5
1620,16.5
1621,16.5
1622,16.5
1623,16.5
1624,16.5
1625,16.5
1626,16.5
1627,16.5
1628,16.5
1629,16.5
1630,16.5
1630,16.5
1631,16.5
1632,16.5
1632,16.5
1633,16.5
1634,16.5
1635,16.5
1636,16.5
1637,16.5
1638,16.5
1639,16.5
1640,16.5
1641,16.5
1642,16.5
1642,16.5
1643,16.5
1644,16.5
1644,16.5
1645,16.5
1646,16.5
1647,16.5
1648,16.5
1649,16.5
1650,16.5
1651,16.5
1652,16.5
1653,16.5
1654,16.5
1654,16.5
1655,16.5
1656,16.5
1656,16.5
1657,16.495000000000072
1658,16.490000000000144
1659,16.48500000000022
1660,16.48000000000029
1661,16.477500000000326
1662,16.4725000000004
1663,16.467500000000474
1664,16.462500000000546
1665,16.457500000000618
1666,16.45250000000069
1666,16.447500000000765
1667,16.442500000000837
1668,16.43750000000091
1668,16.43250000000098
1669,16.427500000001054
1670,16.42250000000113
1671,16.4175000000012
1672,16.412500000001273
1673,16.407500000001345
1674,16.402500000001417
1675,16.402500000001417
1676,16.402500000001417
1677,16.402500000001417
1678,16.402500000001417
1678,16.400000000001455
1679,16.400000000001455
1680,16.400000000001455
1680,16.400000000001455
1681,16.400000000001455
1682,16.400000000001455
1683,16.400000000001455
1684,16.400000000001455
1685,16.400000000001455
1686,16.400000000001455
1687,16.400000000001455
1688,16.400000000001455
1689,16.400000000001455
1690,16.400000000001455
1690,16.400000000001455
1691,16.400000000001455
1692,16.400000000001455
1692,16.400000000001455
1693,16.400000000001455
1694,16.400000000001455
1695,16.400000000001455
1696,16.400000000001455
1697,16.400000000001455
1698,16.400000000001455
1699,16.400000000001455
1700,16.400000000001455
1701,16.400000000001455
1702,16.400000000001455
1702,16.400000000001455
1703,16.400000000001455
1704,16.400000000001455
1704,16.400000000001455
1705,16.400000000001455
1706,16.400000000001455
1707,16.400000000001455
1708,16.400000000001455
1709,16.400000000001455
1710,16.400000000001455
1711,16.400000000001455
1712,16.400000000001455
1713,16.400000000001455
1714,16.400000000001455
1714,16.400000000001455
1715,16.400000000001455
1716,16.400000000001455
1716,16.400000000001455
1717,16.31750000000138
1718,16.23500000000131
1719,16.152500000001236
1720,16.070000000001166
1721,16.070000000001166
1722,15.987500000001091
1723,15.905000000001019
1724,15.825000000000909
1725,15.742500000000836
1726,15.660000000000764
1726,15.577500000000692
1727,15.49500000000062
1728,15.412500000000545
1728,15.330000000000473
1729,15.2475000000004
1730,15.165000000000328
1731,15.082500000000255
1732,15.000000000000181
1733,14.917500000000109
1734,14.835000000000036
1735,14.835000000000036
1736,14.835000000000036
1737,14.830000000000108
1738,14.825000000000182
1738,14.737500000000182
1739,14.732500000000254
1740,14.727500000000328
1740,14.720000000000436
1741,14.71500000000051
1742,14.710000000000582
1743,14.705000000000656
1744,14.700000000000728
1745,14.6950000000008
1746,14.690000000000873
1747,14.685000000000946
1748,14.68000000000102
1749,14.675000000001091
1750,14.670000000001163
1750,14.665000000001237
1751,14.66000000000131
1752,14.655000000001383
1752,14.650000000001455
1753,14.655000000001383
1754,14.66000000000131
1755,14.667500000001201
1756,14.675000000001091
1757,14.675000000001091
1758,14.682500000000982
1759,14.690000000000873
1760,14.692500000000837
1761,14.700000000000728
1762,14.707500000000618
1762,14.71500000000051
1763,14.7225000000004
1764,14.730000000000292
1764,14.737500000000182
1765,14.745000000000072
1766,14.752499999999964
1767,14.759999999999854
1768,14.767499999999746
1769,14.774999999999636
1770,14.782499999999526
1771,14.78499999999949
1772,14.787499999999454
1773,14.787499999999454
1774,14.787499999999454
1774,14.794999999999344
1775,14.794999999999344
1776,14.794999999999344
1776,14.799999999999272
1777,14.799999999999272
1778,14.799999999999272
1779,14.799999999999272
1780,14.799999999999272
1781,14.799999999999272
1782,14.799999999999272
1783,14.799999999999272
1784,14.799999999999272
1785,14.799999999999272
1786,14.799999999999272
1786,14.799999999999272
1787,14.799999999999272
1788,14.799999999999272
1788,14.799999999999272
1789,14.802499999999236
1790,14.8049999999992
1791,14.807499999999163
1792,14.809999999999127
1793,14.809999999999127
1794,14.81249999999909
1795,14.814999999999054
1796,14.814999999999054
1797,14.817499999999018
1798,14.81999999999898
1798,14.822499999998945
1799,14.824999999998909
1800,14.827499999998873
1800,14.829999999998837
1801,14.832499999998799
1802,14.834999999998763
1803,14.837499999998727
1804,14.83999999999869
1805,14.842499999998655
1806,14.844999999998617
1807,14.844999999998617
1808,14.844999999998617
1809,14.847499999998764
1810,14.849999999998909
1810,14.854999999999018
1811,14.857499999999163
1812,14.859999999999308
1812,14.864999999999418
1813,14.869999999999527
1814,14.874999999999636
1815,14.879999999999745
1816,14.884999999999854
1817,14.8875
1818,14.895000000000072
1819,14.902500000000146
1820,14.90500000000029
1821,14.915000000000328
1822,14.925000000000363
1822,14.9350000000004
1823,14.945000000000437
1824,14.955000000000473
1824,14.96500000000051
1825,14.975000000000364
1826,14.985000000000218
1827,14.997500000000219
1828,15.010000000000218
1829,15.020000000000072
1830,15.032500000000073
1831,15.042500000000109
1832,15.05
1833,15.0625
1834,15.075
1834,15.089999999999964
1835,15.1
1836,15.110000000000037
1836,15.125
1837,15.139999999999963
1838,15.154999999999927
1839,15.172500000000037
1840,15.190000000000145
1841,15.200000000000182
1842,15.21750000000029
1843,15.232500000000437
1844,15.242500000000655
1845,15.257500000000437
1846,15.272500000000218
1846,15.290000000000145
1847,15.304999999999927
1848,15.319999999999709
1848,15.337499999999636
1849,15.349999999999454
1850,15.362499999999272
1851,15.37499999999909
1852,15.387499999998909
1853,15.399999999998727
1854,15.412499999998545
1855,15.417499999998473
1856,15.422499999998399
1857,15.424999999998182
1858,15.427499999997963
1858,15.437499999997817
1859,15.4399999999976
1860,15.44249999999738
1860,15.44999999999709
1861,15.44999999999709
1862,15.44999999999709
1863,15.44999999999709
1864,15.44999999999709
1865,15.44999999999709
1866,15.44999999999709
1867,15.44999999999709
1868,15.44999999999709
1869,15.44999999999709
1870,15.44999999999709
1870,15.44999999999709
1871,15.44999999999709
1872,15.44999999999709
1872,15.44999999999709
1873,15.44999999999709
1874,15.44999999999709
1875,15.44999999999709
1876,15.44999999999709
1877,15.44999999999709
1878,15.44999999999709
1879,15.44999999999709
1880,15.44999999999709
1881,15.452499999997235
1882,15.45499999999738
1882,15.457499999997527
1883,15.459999999997672
1884,15.462499999997817
1884,15.464999999997962
1885,15.479999999998109
1886,15.494999999998253
1887,15.5099999999984
1888,15.524999999998546
1889,15.52749999999869
1890,15.542499999998835
1891,15.557499999998981
1892,15.572499999999128
1893,15.587499999999272
1894,15.602499999999418
1894,15.617499999999563
1895,15.632499999999709
1896,15.647499999999855
1896,15.6625
1897,15.675
1898,15.6875
1899,15.7
1900,15.7125
1901,15.725
1902,15.7375
1903,15.7375
1904,15.7375
1905,15.7375
1906,15.7375
1906,15.75
1907,15.75
1908,15.75
1908,15.75
1909,15.75
1910,15.75
1911,15.75
1912,15.75
1913,15.75
1914,15.75
1915,15.75
1916,15.75
1917,15.75
1918,15.75
1918,15.75
1919,15.75
1920,15.75
1920,15.75
1921,15.75
1922,15.75
1923,15.75
1924,15.75
1925,15.75
1926,15.75
1927,15.75
1928,15.75
1929,15.75
1930,15.75
1930,15.75
1931,15.75
1932,15.75
1932,15.75
1933,15.75
1934,15.75
1935,15.75
1936,15.75
1937,15.75
1938,15.75
1939,15.75
1940,15.75
1941,15.75
1942,15.75
1942,15.75
1943,15.75
1944,15.75
1944,15.75
1945,15.75
1946,15.75
1947,15.75
1948,15.75
1949,15.75
1950,15.75
1951,15.75
1952,15.75
1953,15.745000000000072
1954,15.740000000000146
1954,15.735000000000218
1955,15.730000000000292
1956,15.725000000000364
1956,15.720000000000436
1957,15.705000000000291
1958,15.690000000000145
1959,15.675
1960,15.659999999999854
1961,15.65
1962,15.634999999999854
1963,15.61999999999971
1964,15.604999999999563
1965,15.589999999999417
1966,15.574999999999273
1966,15.559999999999127
1967,15.544999999998982
1968,15.529999999998836
1968,15.51499999999869
1969,15.504999999998471
1970,15.494999999998253
1971,15.484999999998035
1972,15.474999999997817
1973,15.464999999997598
1974,15.45499999999738
1975,15.45499999999738
1976,15.45499999999738
1977,15.45499999999738
1978,15.45499999999738
1978,15.44999999999709
1979,15.44999999999709
1980,15.44999999999709
1980,15.44999999999709
1981,15.44999999999709
1982,15.44999999999709
1983,15.44999999999709
1984,15.44999999999709
1985,15.44999999999709
1986,15.44999999999709
1987,15.44999999999709
1988,15.44999999999709
1989,15.44999999999709
1990,15.44999999999709
1990,15.44999999999709
1991,15.44999999999709
1992,15.44999999999709
1992,15.44999999999709
1993,15.44999999999709
1994,15.44999999999709
1995,15.44999999999709
1996,15.44999999999709
1997,15.44999999999709
1998,15.44999999999709
1999,15.44999999999709
